Mineral_Name,IMA_Formula,IMA_Formula_Simple,IMA_Mineral_Symbol,Mineral_Alias_1,Mineral_Alias_2,Mineral_Alias_3,Mineral_Alias_4
Achalaite,Fe2+TiNb2O8,FeTiNb2O8,Ahl,
Achavalite,FeSe,FeSe,Ahv,
Achyrophanite,"(K,Na)3(Fe3+,Ti,Al,Mg)5O2(AsO4)5","(K,Na)3(Fe,Ti,Al,Mg)5O2(AsO4)5",Aph,
Acmonidesite,"(NH4,K,Pb,Na)9Fe2+4(SO4)5Cl8","(NH4,K,Pb,Na)9Fe4(SO4)5Cl8",Acm,
Actinolite,[box]Ca2(Mg4.5-2.5Fe2+0.5-2.5)Si8O22(OH)2," Ca2(Mg4.5-2.5Fe0.5-2.5)Si8O22(OH)2",Act,
Adachiite,CaFe2+3Al6(Si5AlO18)(BO3)3(OH)3(OH),CaFe3Al6(Si5AlO18)(BO3)3(OH)3(OH),Adc,
Adranosite-(Fe),(NH4)4NaFe2(SO4)4Cl(OH)2,(NH4)4NaFe2(SO4)4Cl(OH)2,Arn-Fe,
Aegirine,NaFe3+Si2O6,NaFeSi2O6,Aeg,
Aegirine-augite,"(Ca,Na)(Fe3+,Mg,Fe2+)Si2O6","(Ca,Na)(Fe,Mg,Fe)Si2O6",Aeg-Aug,
Aenigmatite,Na4[Fe2+10Ti2]O4[Si12O36],Na4[Fe10Ti2]O4[Si12O36],Aen,
Aerinite,"(Ca,Na)6(Fe3+,Fe2+,Mg,Al)4(Al,Mg)6Si12O36(OH)12(CO3)·12H2O","(Ca,Na)6(Fe,Fe,Mg,Al)4(Al,Mg)6Si12O36(OH)12(CO3)·12H2O",Aer,
Aeschynite-(Ce),"(Ce,Ca,Fe,Th)(Ti,Nb)2(O,OH)6","(Ce,Ca,Fe,Th)(Ti,Nb)2(O,OH)6",Aes-Ce,
Aheylite,Fe2+Al6(PO4)4(OH)8·4H2O,FeAl6(PO4)4(OH)8·4H2O,Ahe,
Ahrensite,SiFe2O4,SiFe2O4,Ahr,γ-Fe2SiO4
Akaganeite,"(Fe3+,Ni2+)8(OH,O)16Cl1.25·nH2O","(Fe,Ni)8(OH,O)16Cl1.25·nH2O",Akg,β-FeOOH,β-FeO(OH)
Albertiniite,Fe2+(SO3)·3H2O,Fe(SO3)·3H2O,Abt,FeSO3·3H2O
Alcantarillaite,[Fe3+0.5(H2O)4][CaAs3+2(Fe3+2.5W6+0.5)(AsO4)2O7],[Fe0.5(H2O)4][CaAs2(Fe2.5W0.5)(AsO4)2O7],Alc,
Alcaparrosaite,K3Ti4+Fe3+(SO4)4O(H2O)2,K3TiFe(SO4)4O(H2O)2,Apr,
Allabogdanite,"(Fe,Ni)2P","(Fe,Ni)2P",Abg,
Allanite-(Ce),CaCe(Al2Fe2+)[Si2O7][SiO4]O(OH),CaCe(Al2Fe)[Si2O7][SiO4]O(OH),Aln-Ce,
Allanite-(La),CaLa(Al2Fe2+)[Si2O7][SiO4]O(OH),CaLa(Al2Fe)[Si2O7][SiO4]O(OH),Aln-La,
Allanite-(Nd),CaNd(Al2Fe2+)[Si2O7][SiO4]O(OH),CaNd(Al2Fe)[Si2O7][SiO4]O(OH),Aln-Nd,
Allanite-(Y),CaY(Al2Fe2+)[Si2O7][SiO4]O(OH),CaY(Al2Fe)[Si2O7][SiO4]O(OH),Aln-Y,
Allanpringite,Fe3+3(PO4)2(OH)3·5H2O,Fe3(PO4)2(OH)3·5H2O,Apg,
Alluaudite,[box]NaMnFe3+2(PO4)3," NaMnFe2(PO4)3",Ald,
Almandine,Fe2+3Al2(SiO4)3,Fe3Al2(SiO4)3,Alm,
Almarudite,"K([box],Na)2(Mn,Fe,Mg)2[(Be,Al)3Si12]O30","K( ,Na)2(Mn,Fe,Mg)2[(Be,Al)3Si12]O30",Alr,
Almeidaite,"PbZn2(Mn,Y)(Ti,Fe3+)18O36(OH,O)2","PbZn2(Mn,Y)(Ti,Fe)18O36(OH,O)2",Amd,
Alterite,Zn2Fe3+4(SO4)4(C2O4)2(OH)4·17H2O,Zn2Fe4(SO4)4(C2O4)2(OH)4·17H2O,Atr,
Aluminoceladonite,"K(Mg,Fe2+)Al(Si4O10)(OH)2","K(Mg,Fe)Al(Si4O10)(OH)2",Acel,
Aluminocerite-(Ce),"(Ce,REE,Ca)9(Al,Fe3+)(SiO4)3[SiO3(OH)]4(OH)3","(Ce,REE,Ca)9(Al,Fe)(SiO4)3[SiO3(OH)]4(OH)3",Acrt-Ce,
Aluminocopiapite,"(Al,Mg)Fe3+4(SO4)6(OH,O)2·20H2O","(Al,Mg)Fe4(SO4)6(OH,O)2·20H2O",Acpi,
Aluminocoquimbite,Al2Fe2(SO4)6(H2O)12·9H2O,Al2Fe2(SO4)6(H2O)12·9H2O,Acoq,
Alumoakermanite,"(Ca,Na)2(Al,Mg,Fe2+)(Si2O7)","(Ca,Na)2(Al,Mg,Fe)(Si2O7)",Aåk,
Amakinite,Fe(OH)2,Fe(OH)2,Amk,Fe2+(OH)2,"(Fe2+,Mg)(OH)2"
Amarantite,Fe3+2O(SO4)2·7H2O,Fe2O(SO4)2·7H2O,Ama,
Amarillite,NaFe3+(SO4)2·6H2O,NaFe(SO4)2·6H2O,Amr,
Ammoniojarosite,(NH4)Fe3+3(SO4)2(OH)6,(NH4)Fe3(SO4)2(OH)6,Ajrs,Ammonio-jarosite
Ammoniomagnesiovoltaite,(NH4)2Mg5Fe3+3Al(SO4)12·18H2O,(NH4)2Mg5Fe3Al(SO4)12·18H2O,Amvlt,
Ammoniovoltaite,(NH4)2Fe2+5Fe3+3Al(SO4)12(H2O)18,(NH4)2Fe5Fe3Al(SO4)12(H2O)18,Avlt,
Anandite,BaFe2+3(Si3Fe3+)O10S(OH),BaFe3(Si3Fe)O10S(OH),Ana,
Anapaite,Ca2Fe2+(PO4)2·4H2O,Ca2Fe(PO4)2·4H2O,Anp,
Anastasenkoite,CaFe2+P2O7,CaFeP2O7,Aas,
Anatolyite,"Na6(Ca,Na)(Mg,Fe3+)3Al(AsO4)6","Na6(Ca,Na)(Mg,Fe)3Al(AsO4)6",Aly,
Andradite,Ca3Fe3+2(SiO4)3,Ca3Fe2(SiO4)3,Adr,
Andremeyerite,BaFe2+2(Si2O7),BaFe2(Si2O7),Amy,
Andreyivanovite,FeCrP,FeCrP,Aiv,
Andymcdonaldite,Fe2TeO6,Fe2TeO6,Amc,
Angarfite,NaFe3+5(PO4)4(OH)4·4H2O,NaFe5(PO4)4(OH)4·4H2O,Agf,
Angelellite,Fe3+4O3(AsO4)2,Fe4O3(AsO4)2,Agl,
Ankerite,"Ca(Fe2+,Mg)(CO3)2","Ca(Fe,Mg)(CO3)2",Ank,
Annite,KFe2+3(AlSi3O10)(OH)2,KFe3(AlSi3O10)(OH)2,Ann,
Anzaite-(Ce),Ce4Fe2+Ti6O18(OH)2,Ce4FeTi6O18(OH)2,Anz-Ce,
Apuanite,(Fe2+Fe3+2)(Fe3+2Sb3+4)O12S,(FeFe2)(Fe2Sb4)O12S,Apu,Fe5Sb4O12S
Arakiite,ZnMn2+12Fe3+2(As3+O3)(As5+O4)2(OH)23,ZnMn12Fe2(AsO3)(AsO4)2(OH)23,Ark,
Arfvedsonite,NaNa2(Fe2+4Fe3+)Si8O22(OH)2,NaNa2(Fe4Fe)Si8O22(OH)2,Arf,
Argentojarosite,AgFe3+3(SO4)2(OH)6,AgFe3(SO4)2(OH)6,Agjrs,
Argentopentlandite,"Ag(Fe,Ni)8S8","Ag(Fe,Ni)8S8",Apn,
Argentopyrite,AgFe2S3,AgFe2S3,Agpy,
Argentotetrahedrite-(Fe),Ag6(Cu4Fe2)Sb4S13,Ag6(Cu4Fe2)Sb4S13,Attr-Fe,
Armalcolite,"(Mg,Fe2+)Ti2O5","(Mg,Fe)Ti2O5",Arm,
Arrojadite-(BaNa),BaNa3(NaCa)Fe2+13Al(PO4)11(PO3OH)(OH)2,BaNa3(NaCa)Fe13Al(PO4)11(PO3OH)(OH)2,Ajd-BaNa,
Arrojadite-(KFe),(KNa)Fe2+(CaNa2)Fe2+13Al(PO4)11(PO3OH)(OH)2,(KNa)Fe(CaNa2)Fe13Al(PO4)11(PO3OH)(OH)2,Ajd-KFe,
Arrojadite-(KNa),KNa3(CaNa2)Fe2+13Al(PO4)11(PO3OH)(OH)2,KNa3(CaNa2)Fe13Al(PO4)11(PO3OH)(OH)2,Ajd-KNa,
Arrojadite-(PbFe),PbFe2+(CaNa2)Fe2+13Al(PO4)11(PO3OH)(OH)2,PbFe(CaNa2)Fe13Al(PO4)11(PO3OH)(OH)2,Ajd-PbFe,
Arrojadite-(SrFe),SrFe2+(CaNa2)Fe2+13Al(PO4)11(PO3OH)(OH)2,SrFe(CaNa2)Fe13Al(PO4)11(PO3OH)(OH)2,Ajd-SrFe,
Arsenbrackebuschite,"Pb2(Fe3+,Zn)(AsO4)2(OH,H2O)","Pb2(Fe,Zn)(AsO4)2(OH,H2O)",Abbs,
Arseniosiderite,Ca2Fe3+3O2(AsO4)3·3H2O,Ca2Fe3O2(AsO4)3·3H2O,Assd,
Arsenopyrite,FeAsS,FeAsS,Apy,
Arsmirandite,Na18Cu12Fe3+O8(AsO4)8Cl5,Na18Cu12FeO8(AsO4)8Cl5,Asm,
Arthurite,CuFe3+2(AsO4)2(OH)2·4H2O,CuFe2(AsO4)2(OH)2·4H2O,Atu,
Asimowite,Fe2SiO4,Fe2SiO4,Amw,
Askagenite-(Nd),Mn2+Nd(Al2Fe3+)[Si2O7][SiO4]O2,MnNd(Al2Fe)[Si2O7][SiO4]O2,Åsk-Nd,
Aspedamite,"[box]12(Fe3+,Fe2+)3Nb4[Th(Nb,Fe3+)12O42][(H2O),(OH)]12"," 12(Fe,Fe)3Nb4[Th(Nb,Fe)12O42][(H2O),(OH)]12",Apd,
Astrophyllite,K2NaFe2+7Ti2(Si4O12)2O2(OH)4F,K2NaFe7Ti2(Si4O12)2O2(OH)4F,Ast,
Atencioite,Ca2Fe2+3Mg2Be4(PO4)6(OH)4·6H2O,Ca2Fe3Mg2Be4(PO4)6(OH)4·6H2O,Aco,
Atlasovite,Cu2+6Fe3+Bi3+O4(SO4)5·KCl,Cu6FeBiO4(SO4)5·KCl,Atv,
Augite,"(Ca,Mg,Fe)2Si2O6","(Ca,Mg,Fe)2Si2O6",Aug,
Auriacusite,Fe3+Cu2+(AsO4)O,FeCu(AsO4)O,Aur,
Awaruite,Ni3Fe,Ni3Fe,Awr,
Axinite-(Fe),Ca4Fe2+2Al4[B2Si8O30](OH)2,Ca4Fe2Al4[B2Si8O30](OH)2,Ax-Fe,
Azoproite,"Mg2[(Ti,Mg),Fe3+]O2(BO3)","Mg2[(Ti,Mg),Fe]O2(BO3)",Azo,
Babingtonite,Ca2Fe2+Fe3+Si5O14(OH),Ca2FeFeSi5O14(OH),Bab,Ca2Fe2Si5O14(OH)
Badalovite,NaNaMg(MgFe3+)(AsO4)3,NaNaMg(MgFe)(AsO4)3,Bdl,
Bafertisite,Ba2Fe2+4Ti2(Si2O7)2O2(OH)2F2,Ba2Fe4Ti2(Si2O7)2O2(OH)2F2,Bft,
Baileychlore,"(Zn,Fe2+,Al,Mg)6(Si,Al)4O10(OH)8","(Zn,Fe,Al,Mg)6(Si,Al)4O10(OH)8",Blc,
Bamfordite,Fe3+Mo2O6(OH)3·H2O,FeMo2O6(OH)3·H2O,Bfd,
Bannisterite,"(Ca,K,Na)(Mn2+,Fe2+)10(Si,Al)16O38(OH)8·nH2O","(Ca,K,Na)(Mn,Fe)10(Si,Al)16O38(OH)8·nH2O",Ban,
Barahonaite-(Al),"(Ca,Cu,Na,Fe3+,Al)12Al2(AsO4)8(OH,Cl)x·nH2O","(Ca,Cu,Na,Fe,Al)12Al2(AsO4)8(OH,Cl)x·nH2O",Bho-Al,
Barahonaite-(Fe),"(Ca,Cu,Na,Fe3+,Al)12Fe3+2(AsO4)8(OH,Cl)x·nH2O","(Ca,Cu,Na,Fe,Al)12Fe2(AsO4)8(OH,Cl)x·nH2O",Bho-Fe,
Barbosalite,Fe2+Fe3+2(PO4)2(OH)2,FeFe2(PO4)2(OH)2,Bsa,Fe3(PO4)2(OH)2
Baricite,"(Mg,Fe)3(PO4)2·8H2O","(Mg,Fe)3(PO4)2·8H2O",Bć,
Barioferrite,BaFe3+12O19,BaFe12O19,Baf,
Bario-orthojoaquinite,Ba4Fe2+2Ti2O2(SiO3)8·H2O,Ba4Fe2Ti2O2(SiO3)8·H2O,Bojq,
Bariopharmacosiderite,Ba0.5Fe3+4(AsO4)3(OH)4·5H2O,Ba0.5Fe4(AsO4)3(OH)4·5H2O,Bpsd,
Barquillite,"Cu2(Cd,Fe)GeS4","Cu2(Cd,Fe)GeS4",Bql,
Barringerite,"(Fe,Ni)2P","(Fe,Ni)2P",Bgr,
Bartelkeite,PbFe2+Ge(Ge2O7)(OH)2·H2O,PbFeGe(Ge2O7)(OH)2·H2O,Btk,
Bartonite,K6Fe20S26S,K6Fe20S26S,Btn,
Bassetite,Fe2+(UO2)2(PO4)2(H2O)10,Fe(UO2)2(PO4)2(H2O)10,Bas,
Batiferrite,BaTi2Fe3+8Fe2+2O19,BaTi2Fe8Fe2O19,Bfe,
Bazzite,"Be3(Sc,Fe3+,Mg)2Si6O18·Na0.32·nH2O","Be3(Sc,Fe,Mg)2Si6O18·Na0.32·nH2O",Bz,
Beaverite-(Cu),Pb(Fe3+2Cu)(SO4)2(OH)6,Pb(Fe2Cu)(SO4)2(OH)6,Bvr-Cu,
Beaverite-(Zn),Pb(Fe3+2Zn)(SO4)2(OH)6,Pb(Fe2Zn)(SO4)2(OH)6,Bvr-Zn,
Bederite,Ca2Mn2+4Fe3+2(PO4)6·2H2O,Ca2Mn4Fe2(PO4)6·2H2O,Bdr,
Beershevaite,CaFe3+3(PO4)3O,CaFe3(PO4)3O,,
Benauite,SrFe3+3(PO4)(PO3OH)(OH)6,SrFe3(PO4)(PO3OH)(OH)6,Bnu,
Bendadaite,Fe2+Fe3+2(AsO4)2(OH)2·4H2O,FeFe2(AsO4)2(OH)2·4H2O,Bdd,Fe3(AsO4)2(OH)2·4H2O
Bennesherite,Ba2Fe2+Si2O7,Ba2FeSi2O7,Bnh,
Benyacarite,KTiMn2+2Fe3+2(PO4)4OF·15H2O,KTiMn2Fe2(PO4)4OF·15H2O,Byc,
Beraunite,Fe3+6(PO4)4O(OH)4·6H2O,Fe6(PO4)4O(OH)4·6H2O,Bru,
Bernalite,Fe(OH)3,Fe(OH)3,Bnl,
Berthierine,"(Fe2+,Fe3+,Al)3(Si,Al)2O5(OH)4","(Fe,Fe,Al)3(Si,Al)2O5(OH)4",Brh,
Berthierite,FeSb2S4,FeSb2S4,Btr,
Betekhtinite,"(Cu,Fe)21Pb2S15","(Cu,Fe)21Pb2S15",Bkh,
Betpakdalite-CaCa,[Ca2(H2O)17Ca(H2O)6][Mo6+8As5+2Fe3+3O36(OH)],[Ca2(H2O)17Ca(H2O)6][Mo8As2Fe3O36(OH)],Bpd-CaCa,
Betpakdalite-CaMg,[Ca2(H2O)17Mg(H2O)6][Mo6+8As5+2Fe3+3O36(OH)],[Ca2(H2O)17Mg(H2O)6][Mo8As2Fe3O36(OH)],Bpd-CaMg,
Betpakdalite-FeFe,[Fe3+2(H2O)15(OH)2Fe3+(H2O)6][Mo8As2Fe3+3O37],[Fe2(H2O)15(OH)2Fe(H2O)6][Mo8As2Fe3O37],Bpd-FeFe,
Betpakdalite-NaCa,[Na2(H2O)17Ca(H2O)6][Mo6+8As5+2Fe3+3O34(OH)3],[Na2(H2O)17Ca(H2O)6][Mo8As2Fe3O34(OH)3],Bpd-NaCa,
Betpakdalite-NaNa,[Na2(H2O)16Na(H2O)6][Mo6+8As5+2Fe3+3O33(OH)4],[Na2(H2O)16Na(H2O)6][Mo8As2Fe3O33(OH)4],Bpd-NaNa,
Beudantite,PbFe3+3(AsO4)(SO4)(OH)6,PbFe3(AsO4)(SO4)(OH)6,Bdn,
Bilinite,Fe2+Fe3+2(SO4)4·22H2O,FeFe2(SO4)4·22H2O,Bli,Fe3(SO4)4·22H2O
Bimbowrieite,NaMgFe3+5(PO4)4(OH)6·2H2O,NaMgFe5(PO4)4(OH)6·2H2O,Bbw,
Biraite-(Ce),Ce2Fe2+(Si2O7)(CO3),Ce2Fe(Si2O7)(CO3),Bia-Ce,
Biraite-(La),La2Fe2+(CO3)(Si2O7),La2Fe(CO3)(Si2O7),Bia-La,
Bismutoferrite,Fe3+2Bi(SiO4)2(OH),Fe2Bi(SiO4)2(OH),Bif,
Bismutostibiconite,"(Bi,Fe3+,[box])2Sb5+2O7","(Bi,Fe, )2Sb2O7",Bsbc,
Bixbyite-(Fe),Fe3+2O3,Fe2O3,,β-Fe2O3,"(Fe,Mn)2O3"
Blakeite,Fe3+2(Te4+O3)3 (?),Fe2(TeO3)3 (?),Bak,
Bobfergusonite,[box]Na2Mn2+5Fe3+Al(PO4)6," Na2Mn5FeAl(PO4)6",Bfg,
Bogdanovite,"(Au,Te,Pb)3(Cu,Fe)","(Au,Te,Pb)3(Cu,Fe)",Bog,
Bohuslavite,Fe3+4(PO4)3(SO4)(OH)·<i>n</i>H2O (15≤<i>n</i>≤24),Fe4(PO4)3(SO4)(OH)·nH2O,Bhv,
Bokite,"(Al,Fe)1.3(V5+,V4+,Fe3+)8O20·7.5H2O","(Al,Fe)1.3(V,V,Fe)8O20·7.5H2O",Bkt,
Bonaccordite,Ni2Fe3+O2(BO3),Ni2FeO2(BO3),Bna,
Bonshtedtite,Na3Fe2+(PO4)(CO3),Na3Fe(PO4)(CO3),Bsd,
Bornite,Cu5FeS4,Cu5FeS4,Bn,
Borodaevite,"Ag4.83Fe0.21Pb0.45(Bi,Sb)8.84S16","Ag4.83Fe0.21Pb0.45(Bi,Sb)8.84S16",Bdv,
Bosiite,NaFe3+3(Al4Mg2)(Si6O18)(BO3)3(OH)3O,NaFe3(Al4Mg2)(Si6O18)(BO3)3(OH)3O,Bos,
Botryogen,MgFe3+(SO4)2(OH)·7H2O,MgFe(SO4)2(OH)·7H2O,Byg,
Botuobinskite,SrFe2+(Ti4+12Cr3+6)Mg2[O36(OH)2],SrFe(Ti12Cr6)Mg2[O36(OH)2],Btb,
Bouazzerite,"Bi6(Mg,Co)11Fe14(AsO4)18O12(OH)4·86H2O","Bi6(Mg,Co)11Fe14(AsO4)18O12(OH)4·86H2O",Boz,
Brendelite,"(Bi,Pb)2(Fe3+,Fe2+)O2(OH)(PO4)","(Bi,Pb)2(Fe,Fe)O2(OH)(PO4)",Bde,
Briartite,Cu2FeGeS4,Cu2FeGeS4,Btt,
Brinrobertsite,"(Na,K,Ca)0.3(Al,Fe,Mg)4(Si,Al)8O20(OH)4·3.5H2O","(Na,K,Ca)0.3(Al,Fe,Mg)4(Si,Al)8O20(OH)4·3.5H2O",Brb,
Brownmillerite,Ca2Fe3+AlO5,Ca2FeAlO5,Bmlr,
Brugnatellite,Mg6Fe3+(CO3)(OH)13·4H2O,Mg6Fe(CO3)(OH)13·4H2O,Bug,
Brunogeierite,Fe2+2Ge4+O4,Fe2GeO4,Bng,
Bukovskyite,Fe3+2(AsO4)(SO4)(OH)·7H2O,Fe2(AsO4)(SO4)(OH)·7H2O,Buk,
Bulgakite,"Li2(Ca,Na)Fe2+7Ti2(Si4O12)2O2(OH)4(O,F)(H2O)2","Li2(Ca,Na)Fe7Ti2(Si4O12)2O2(OH)4(O,F)(H2O)2",Bgk,
Burangaite,NaFe2+Al5(PO4)4(OH)6·2H2O,NaFeAl5(PO4)4(OH)6·2H2O,Brg,
Burckhardtite,Pb2(Fe3+Te6+)(AlSi3O8)O6,Pb2(FeTe)(AlSi3O8)O6,Bkd,
Buryatite,"Ca3(Si,Fe3+,Al)(SO4)B(OH)4(OH,O)6·12H2O","Ca3(Si,Fe,Al)(SO4)B(OH)4(OH,O)6·12H2O",Buy,
Buseckite,"(Fe,Zn,Mn)S","(Fe,Zn,Mn)S",Bsc,
Bussenite,"Ba4(Na,[box])2(Fe2+,Na)2Ti2(Si2O7)2(CO3)2O2(OH)2(H2O)2F2","Ba4(Na, )2(Fe,Na)2Ti2(Si2O7)2(CO3)2O2(OH)2(H2O)2F2",Bus,
Butlerite,Fe3+(SO4)(OH)·2H2O,Fe(SO4)(OH)·2H2O,Btl,
Cacoxenite,Fe3+24AlO6(PO4)17(OH)12·75H2O,Fe24AlO6(PO4)17(OH)12·75H2O,Cac,
Caesiumpharmacosiderite,CsFe4[(AsO4)3(OH)4]·4H2O,CsFe4[(AsO4)3(OH)4]·4H2O,Cpsd,
Cafarsite,"(Ca,Na,[box])19Ti8Fe3+4Fe2+4(AsO3)28F","(Ca,Na, )19Ti8Fe4Fe4(AsO3)28F",Caf,
Calciocopiapite,CaFe3+4(SO4)6(OH)2·20H2O,CaFe4(SO4)6(OH)2·20H2O,Ccpi,
Calcioferrite,Ca4MgFe3+4(PO4)6(OH)4·12H2O,Ca4MgFe4(PO4)6(OH)4·12H2O,Cfr,
Calciohatertite,NaNaCa(CaFe3+)(AsO4)3,NaNaCa(CaFe)(AsO4)3,,
Calciosamarskite,"(Ca,Fe,Y)(Nb,Ta,Ti)O4","(Ca,Fe,Y)(Nb,Ta,Ti)O4",Csmk,
Calderite,Mn2+3Fe3+2(SiO4)3,Mn3Fe2(SiO4)3,Cdr,
Calderonite,Pb2Fe3+(VO4)2(OH),Pb2Fe(VO4)2(OH),Cdn,
Camaraite,Ba3NaFe2+8Ti4(Si2O7)4O4(OH)4F3,Ba3NaFe8Ti4(Si2O7)4O4(OH)4F3,Cám,
Camaronesite,Fe3+2(PO3OH)2(SO4)(H2O)4·1-2H2O,Fe2(PO3OH)2(SO4)(H2O)4·1-2H2O,Cmr,
Canosioite,Ba2Fe3+(AsO4)2(OH),Ba2Fe(AsO4)2(OH),Cso,
Carboirite,Fe2+Al2GeO5(OH)2,FeAl2GeO5(OH)2,Cb,
Caresite,Fe2+4Al2(OH)12(CO3)·3H2O,Fe4Al2(OH)12(CO3)·3H2O,Cre,
Carlfrancisite,"Mn2+3(Mn2+,Mg,Fe3+,Al)42(As3+O3)2(As5+O4)4[(Si,As5+)O4]6[(As5+,Si)O4]2(OH)42","Mn3(Mn,Mg,Fe,Al)42(AsO3)2(AsO4)4[(Si,As)O4]6[(As,Si)O4]2(OH)42",Cfc,
Carlosturanite,"(Mg,Fe2+,Ti)21(Si,Al)12O28(OH)34·H2O","(Mg,Fe,Ti)21(Si,Al)12O28(OH)34·H2O",Csr,
Carlsonite,(NH4)5Fe3+3O(SO4)6·7H2O,(NH4)5Fe3O(SO4)6·7H2O,Csn,
Carmichaelite,"(Ti,Cr,Fe)(O,OH)2","(Ti,Cr,Fe)(O,OH)2",Cmh,
Carminite,PbFe3+2(AsO4)2(OH)2,PbFe2(AsO4)2(OH)2,Cmt,
Caryochroite,"(Na,Sr)3(Fe3+,Mg)10Ti2Si12O37(H2O,O,OH)17","(Na,Sr)3(Fe,Mg)10Ti2Si12O37(H2O,O,OH)17",Cyh,
Cassagnaite,Ca4Fe3+4V3+2(OH)6O2(Si3O10)(SiO4)2,Ca4Fe4V2(OH)6O2(Si3O10)(SiO4)2,Csg,
Cechite,PbFe2+(VO4)(OH),PbFe(VO4)(OH),Čec,
Celadonite,KMgFe3+Si4O10(OH)2,KMgFeSi4O10(OH)2,Cel,
Cerchiaraite-(Fe),Ba4Fe3+4(Si4O12)O2(OH)4Cl2[Si2O3(OH)4],Ba4Fe4(Si4O12)O2(OH)4Cl2[Si2O3(OH)4],Ccr-Fe,
Cerite-(Ce),"(Ce,La,Ca)9(Mg,Fe3+)(SiO4)3(SiO3OH)4(OH)3","(Ce,La,Ca)9(Mg,Fe)(SiO4)3(SiO3OH)4(OH)3",Crt-Ce,
Cervandonite-(Ce),"(Ce,Nd,La)(Fe3+,Ti,Fe2+,Al)3O2(Si2O7)1-x+y(AsO3)1+x-y(OH)3x-3y","(Ce,Nd,La)(Fe,Ti,Fe,Al)3O2(Si2O7)1-x+y(AsO3)x-y(OH)3x-3y",Cvd-Ce,
Cesarferreiraite,Fe2+Fe3+2(AsO4)2(OH)2·8H2O,FeFe2(AsO4)2(OH)2·8H2O,Céf,Fe3(AsO4)2(OH)2·8H2O
Chaidamuite,ZnFe3+(SO4)2(OH)·4H2O,ZnFe(SO4)2(OH)·4H2O,Cdm,
Chalcopyrite,CuFeS2,CuFeS2,Ccp,
Chalcosiderite,CuFe3+6(PO4)4(OH)8·4H2O,CuFe6(PO4)4(OH)8·4H2O,Csd,
Chalcothallite,"(Cu,Fe,Ag)6.3(Tl,K)2SbS4","(Cu,Fe,Ag)6.3(Tl,K)2SbS4",Ccth,
Chameanite,"(Cu,Fe)4As(Se,S)4","(Cu,Fe)4As(Se,S)4",Céa,
Chamosite,"(Fe2+,Mg,Al,Fe3+)6(Si,Al)4O10(OH,O)8","(Fe,Mg,Al,Fe)6(Si,Al)4O10(OH,O)8",Chm,
Changesite-(Y),(Ca8Y)[box]Fe2+(PO4)7,(Ca8Y) Fe(PO4)7,Cgs-Y,
Chapmanite,Fe3+2Sb3+(Si2O5)O3(OH),Fe2Sb(Si2O5)O3(OH),Cpm,
Chatkalite,Cu6FeSn2S8,Cu6FeSn2S8,Ctk,
Chayesite,KMg4Fe3+[Si12O30],KMg4Fe[Si12O30],Cys,
Chenevixite,CuFe3+(AsO4)(OH)2,CuFe(AsO4)(OH)2,Cvx,
Chengdeite,Ir3Fe,Ir3Fe,Cgd,
Chenguodaite,Ag9FeTe2S4,Ag9FeTe2S4,Cgu,
Chenmingite,FeCr2O4,FeCr2O4,Cnm,
Chestermanite,"Mg2(Fe3+,Mg,Al,Sb5+)O2(BO3)","Mg2(Fe,Mg,Al,Sb)O2(BO3)",Csm,
Chevkinite-(Ce),"Ce4(Ti,Fe2+,Fe3+)5O8(Si2O7)2","Ce4(Ti,Fe,Fe)5O8(Si2O7)2",Cvk-Ce,
Chihuahuaite,FeAl12O19,FeAl12O19,Cih,
Childrenite,Fe2+Al(PO4)(OH)2·H2O,FeAl(PO4)(OH)2·H2O,Chd,
Chirvinskyite,"(Na,Ca)13(Fe,Mn,[box])2Ti2(Zr,Ti)3(Si2O7)4(OH,O,F)12","(Na,Ca)13(Fe,Mn, )2Ti2(Zr,Ti)3(Si2O7)4(OH,O,F)12",Cvs,
Chlorbartonite,K6Fe24S26Cl,K6Fe24S26Cl,Cbtn,
Chloritoid,Fe2+Al2O(SiO4)(OH)2,FeAl2O(SiO4)(OH)2,Cld,
Christofschaferite-(Ce),"(Ce,La,Ca)4Mn(Ti,Fe)3(Fe,Ti)(Si2O7)2O8","(Ce,La,Ca)4Mn(Ti,Fe)3(Fe,Ti)(Si2O7)2O8",Csf-Ce,
Chromferide,Fe1.5Cr0.2,Fe1.5Cr0.2,Cfe,
Chromite,Fe2+Cr2O4,FeCr2O4,Chr,Fe2+Cr3+2O4
Chukanovite,Fe2(CO3)(OH)2,Fe2(CO3)(OH)2,Ckn,
Chvilevaite,"Na(Cu,Fe,Zn)2S2","Na(Cu,Fe,Zn)2S2",Cvi,
Clairite,(NH4)2Fe3+3(SO4)4(OH)3·3H2O,(NH4)2Fe3(SO4)4(OH)3·3H2O,Clai,
Cleusonite,"Pb(U4+,U6+)Fe2+2(Ti,Fe2+,Fe3+)18(O,OH)38","Pb(U,U)Fe2(Ti,Fe,Fe)18(O,OH)38",Ceu,
Clino-ferri-holmquistite,[box]Li2(Mg3Fe3+2)Si8O22(OH)2," Li2(Mg3Fe2)Si8O22(OH)2",Cfhlm,
Clino-ferro-ferri-holmquistite,[box]Li2(Fe2+3Fe3+2)Si8O22(OH)2," Li2(Fe3Fe2)Si8O22(OH)2",Cffhlm,
Clinoferrosilite,Fe2+2Si2O6,Fe2Si2O6,Cfs,
Clinoungemachite,K3Na8Fe3+(SO4)6(OH)2·10H2O,K3Na8Fe(SO4)6(OH)2·10H2O,Cug,
Coalingite,Mg10Fe3+2(CO3)(OH)24·2H2O,Mg10Fe2(CO3)(OH)24·2H2O,Clg,
Cobaltarthurite,CoFe3+2(AsO4)2(OH)2·4H2O,CoFe2(AsO4)2(OH)2·4H2O,Caru,
Cobaltneustadtelite,"Bi2Fe3+(Co,Fe3+)(AsO4)2(O,OH)4","Bi2Fe(Co,Fe)(AsO4)2(O,OH)4",Cneu,
Coconinoite,Fe3+2Al2(UO2)2(PO4)4(SO4)(OH)2·20H2O,Fe2Al2(UO2)2(PO4)4(SO4)(OH)2·20H2O,Coc,
Cohenite,CFe3,CFe3,Coh,
Coiraite,"(Pb,Sn)12.5As3Sn5FeS28","(Pb,Sn)12.5As3Sn5FeS28",Coi,
Columbite-(Fe),Fe2+Nb2O6,FeNb2O6,Clb-Fe,
Congolite,Fe2+3B7O13Cl,Fe3B7O13Cl,Cgl,
Copiapite,Fe2+Fe3+4(SO4)6(OH)2·20H2O,FeFe4(SO4)6(OH)2·20H2O,Cpi,Fe5(SO4)6(OH)2·20H2O
Coquimbite,AlFe3(SO4)6(H2O)12·6H2O,AlFe3(SO4)6(H2O)12·6H2O,Coq,
Corkite,PbFe3+3(SO4)(PO4)(OH)6,PbFe3(SO4)(PO4)(OH)6,Cok,
Correianevesite,Fe2+Mn2+2(PO4)2·3H2O,FeMn2(PO4)2·3H2O,Corr,
Corrensite,"(Ca,Na,K)1-x(Mg,Fe,Al)9(Si,Al)8O20(OH)10·nH2O","(Ca,Na,K)1-x(Mg,Fe,Al)9(Si,Al)8O20(OH)10·nH2O",Crr,
Corvusite,"(Na,Ca,K)1-x(V5+,V4+,Fe2+)8O20·4H2O","(Na,Ca,K)1-x(V,V,Fe)8O20·4H2O",Cvu,
Coulsonite,Fe2+V3+2O4,FeV2O4,Cou,
Coyoteite,NaFe3S5·2H2O,NaFe3S5·2H2O,Coy,
Creaseyite,Cu2Pb2Fe3+2Si5O17·6H2O,Cu2Pb2Fe2Si5O17·6H2O,Cse,
Crichtonite,"Sr(Mn,Y,U)Fe2(Ti,Fe,Cr,V)18(O,OH)38","Sr(Mn,Y,U)Fe2(Ti,Fe,Cr,V)18(O,OH)38",Cic,
Crimsonite,PbFe3+2(PO4)2(OH)2,PbFe2(PO4)2(OH)2,Cms,
Crocobelonite,CaFe3+2O(PO4)2,CaFe2O(PO4)2,Ccb,
Cronstedtite,"(Fe2+,Fe3+)3(Si,Fe3+)2O5(OH)4","(Fe,Fe)3(Si,Fe)2O5(OH)4",Cro,
Crowningshieldite,(Ni0.9Fe0.1)S,(Ni0.9Fe0.1)S,Csh,
Cubanite,CuFe2S3,CuFe2S3,Cbn,
Cuprocopiapite,Cu2+Fe3+4(SO4)6(OH)2·20H2O,CuFe4(SO4)6(OH)2·20H2O,Cucpi,
Cuprorhodsite,(Cu1+0.5Fe3+0.5)Rh3+2S4,(Cu0.5Fe0.5)Rh2S4,Crh,
Cuprospinel,Cu2+Fe3+2O4,CuFe2O4,Cspl,"(Cu,Mg)Fe3+2O4"
Cuzticite,Fe3+2Te6+O6·3H2O,Fe2TeO6·3H2O,Cuz,
Cylindrite,FePb3Sn4Sb2S14,FePb3Sn4Sb2S14,Cy,
Cyrilovite,NaFe3+3(PO4)2(OH)4·2H2O,NaFe3(PO4)2(OH)4·2H2O,Cyr,
Danalite,Be3Fe2+4(SiO4)3S,Be3Fe4(SiO4)3S,Dan,
Dansite-(Fe),Na21Fe(SO4)10Cl3,Na21Fe(SO4)10Cl3,D'an-Fe,
Daubreelite,FeCr2S4,FeCr2S4,Dbr,
Davidite-(Ce),"Ce(Y,U)Fe2(Ti,Fe,Cr,V)18(O,OH,F)38","Ce(Y,U)Fe2(Ti,Fe,Cr,V)18(O,OH,F)38",Dvd-Ce,
Davidite-(La),"La(Y,U)Fe2(Ti,Fe,Cr,V)18(O,OH,F)38","La(Y,U)Fe2(Ti,Fe,Cr,V)18(O,OH,F)38",Dvd-La,
Davinciite,Na12K3Ca6Fe2+3Zr3(Si26O73OH)Cl2,Na12K3Ca6Fe3Zr3(Si26O73OH)Cl2,Dvc,
Decagonite,Al71Ni24Fe5,Al71Ni24Fe5,Dec,
Deerite,Fe2+6Fe3+3(Si6O17)O3(OH)5,Fe6Fe3(Si6O17)O3(OH)5,Dee,
Delafossite,Cu1+Fe3+O2,CuFeO2,Del,
Delhuyarite-(Ce),Ce4Mg(Fe3+2W)[box](Si2O7)2O6(OH)2,Ce4Mg(Fe2W) (Si2O7)2O6(OH)2,Dhu-Ce,
Deliensite,Fe2+(UO2)2(SO4)2(OH)2·7H2O,Fe(UO2)2(SO4)2(OH)2·7H2O,Dli,
Delvauxite,CaFe3+4(PO4)2(OH)8·4-5H2O,CaFe4(PO4)2(OH)8·4-5H2O,Dvx,
Derbylite,Fe3+4Ti4+3Sb3+O13(OH),Fe4Ti3SbO13(OH),Dby,
Dessauite-(Y),"Sr(Y,U,Mn)Fe2(Ti,Fe,Cr,V)18(O,OH)38","Sr(Y,U,Mn)Fe2(Ti,Fe,Cr,V)18(O,OH)38",Dss-Y,
Destinezite,Fe3+2(PO4)(SO4)(OH)·6H2O,Fe2(PO4)(SO4)(OH)·6H2O,Dtz,
Devilliersite,Ca4Ca2Fe3+10O4[(Fe3+10Si2)O36],Ca4Ca2Fe10O4[(Fe10Si2)O36],Dvi,
Devitoite,Ba6Fe2+7Fe3+2(Si4O12)2(PO4)2(CO3)O2(OH)4,Ba6Fe7Fe2(Si4O12)2(PO4)2(CO3)O2(OH)4,Dvt,
Deynekoite,Ca9Fe3+(PO4)7,Ca9Fe(PO4)7,Dnk,
Diadochite,Fe3+2(PO4)(SO4)(OH)·6H2O,Fe2(PO4)(SO4)(OH)·6H2O,Ddc,
Dingdaohengite-(Ce),"(Ce,La)4Fe2+(Ti,Fe2+,Mg,Fe3+)2Ti2Si4O22","(Ce,La)4Fe(Ti,Fe,Mg,Fe)2Ti2Si4O22",Ddh-Ce,
Diversilite-(Ce),Na2Ba6Ce2Fe2+Ti3Si12O36(OH)10·nH2O,Na2Ba6Ce2FeTi3Si12O36(OH)10·nH2O,Dvs-Ce,
Dixenite,Cu1+Fe3+Mn2+14(As5+O4)(As3+O3)5(SiO4)2(OH)6,CuFeMn14(AsO4)(AsO3)5(SiO4)2(OH)6,Dxn,
Djerfisherite,"K6(Fe,Cu,Ni)25S26Cl","K6(Fe,Cu,Ni)25S26Cl",Djr,
Dondoellite,Ca2Fe(PO4)2·2H2O,Ca2Fe(PO4)2·2H2O,Ddl,
Donowensite,Ca(H2O)3Fe3+2(V2O7)2,Ca(H2O)3Fe2(V2O7)2,Dnw,
Dorallcharite,TlFe3+3(SO4)2(OH)6,TlFe3(SO4)2(OH)6,Drc,
Dorrite,Ca4[Mg3Fe3+9]O4[Si3Al8Fe3+O36],Ca4[Mg3Fe9]O4[Si3Al8FeO36],Dor,
Douglasite,K2Fe2+Cl4·2H2O,K2FeCl4·2H2O,Dgl,
Droninoite,Ni6Fe3+2Cl2(OH)16·4H2O,Ni6Fe2Cl2(OH)16·4H2O,Dr,
Drugmanite,Pb2Fe3+(PO4)(PO3OH)(OH)2,Pb2Fe(PO4)(PO3OH)(OH)2,Dru,
Dualite,"Na30(Ca,Na,Ce,Sr)12(Na,Mn,Fe,Ti)6Zr3Ti3MnSi51O144(OH,H2O,Cl)9","Na30(Ca,Na,Ce,Sr)12(Na,Mn,Fe,Ti)6Zr3Ti3MnSi51O144(OH,H2O,Cl)9",Dua,
Dufrenite,Ca0.5Fe2+Fe3+5(PO4)4(OH)6·2H2O,Ca0.5FeFe5(PO4)4(OH)6·2H2O,Dfr,Ca0.5Fe6(PO4)4(OH)6·2H2O
Dussertite,BaFe3+3(AsO4)(AsO3OH)(OH)6,BaFe3(AsO4)(AsO3OH)(OH)6,Dst,
Dutrowite,Na(Fe2+2.5Ti0.5)Al6(Si6O18)(BO3)3(OH)3O,Na(Fe2.5Ti0.5)Al6(Si6O18)(BO3)3(OH)3O,Dtw,
Dzharkenite,FeSe2,FeSe2,Dzh,
Dzhuluite,Ca3(SbSn)(Fe3+O4)3,Ca3(SbSn)(FeO4)3,Dzl,
Earlshannonite,Mn2+Fe3+2(PO4)2(OH)2·4H2O,MnFe2(PO4)2(OH)2·4H2O,Esn,
Eclarite,"(Cu,Fe)Pb9Bi12S28","(Cu,Fe)Pb9Bi12S28",Ecl,
Edgarite,FeNb3S6,FeNb3S6,Edg,
Edscottite,Fe5C2,Fe5C2,Est,
Edtollite,K2NaCu5Fe3+O2(AsO4)4,K2NaCu5FeO2(AsO4)4,Edt,
Ekatite,"(Fe3+,Fe2+,Zn)12(AsO3)6(AsO3,SiO3OH)2(OH)6","(Fe,Fe,Zn)12(AsO3)6(AsO3,SiO3OH)2(OH)6",Ekt,
Ekebergite,ThFeNb2O8,ThFeNb2O8,Ekb,
Elaliite,(Fe2+8Fe3+)(PO4)O8,(Fe8Fe)(PO4)O8,Eal,
Elbrusite,Ca3(U6+0.5Zr1.5)(Fe3+O4)3,Ca3(U0.5Zr1.5)(FeO4)3,Ebs,
Eldfellite,NaFe3+(SO4)2,NaFe(SO4)2,Edf,
Elkinstantonite,Fe4(PO4)2O,Fe4(PO4)2O,Elk,
Eltyubyuite,Ca12Fe3+10Si4O32Cl6,Ca12Fe10Si4O32Cl6,Elt,
Emeleusite,Na2LiFe3+Si6O15,Na2LiFeSi6O15,Eme,
Emmerichite,Ba2Ti2Na3Fe3+(Si2O7)2O2F2,Ba2Ti2Na3Fe(Si2O7)2O2F2,Emr,
Emmonsite,Fe3+2(Te4+O3)3·2H2O,Fe2(TeO3)3·2H2O,Ems,
Epidote,Ca2(Al2Fe3+)[Si2O7][SiO4]O(OH),Ca2(Al2Fe)[Si2O7][SiO4]O(OH),Ep,
Epidote-(Sr),CaSr(Al2Fe3+)[Si2O7][SiO4]O(OH),CaSr(Al2Fe)[Si2O7][SiO4]O(OH),Ep-Sr,
Erdite,NaFeS2·2H2O,NaFeS2·2H2O,Erd,
Ericaite,Fe2+3B7O13Cl,Fe3B7O13Cl,Eic,
Ericssonite,BaMn2+2Fe3+(Si2O7)O(OH),BaMn2Fe(Si2O7)O(OH),Ers,
Erlianite,Fe2+4Fe3+2Si6O15(OH)8,Fe4Fe2Si6O15(OH)8,Ern,
Ernstite,"(Mn2+,Fe3+)Al(PO4)(OH,O)2","(Mn,Fe)Al(PO4)(OH,O)2",Ens,
Ershovite,"K3Na4(Fe,Mn,Ti)2Si8O20(OH,O)4·4H2O","K3Na4(Fe,Mn,Ti)2Si8O20(OH,O)4·4H2O",Esh,
Erssonite,CaMg7Fe3+2(OH)18(SO4)2·12H2O,CaMg7Fe2(OH)18(SO4)2·12H2O,,
Erythrosiderite,K2Fe3+Cl5·H2O,K2FeCl5·H2O,Esd,
Eskebornite,CuFeSe2,CuFeSe2,Ebn,
Esseneite,CaFe3+AlSiO6,CaFeAlSiO6,Ess,
Eudialyte,"Na15Ca6Fe3Zr3Si(Si25O73)(O,OH,H2O)3(Cl,OH)2","Na15Ca6Fe3Zr3Si(Si25O73)(O,OH,H2O)3(Cl,OH)2",Eud,
Eveslogite,"(Ca,K,Na,Sr,Ba)48(Ti,Nb,Fe,Mn)12(OH)12Si48O144(OH,F,Cl)14","(Ca,K,Na,Sr,Ba)48(Ti,Nb,Fe,Mn)12(OH)12Si48O144(OH,F,Cl)14",Evl,
Eyselite,Fe3+Ge4+3O7(OH),FeGe3O7(OH),Eys,
Eztlite,Pb2Fe3+3(Te4+O3)3(SO4)O2Cl,Pb2Fe3(TeO3)3(SO4)O2Cl,Ez,
Faheyite,Be2Mn2+Fe3+2(PO4)4·6H2O,Be2MnFe2(PO4)4·6H2O,Fah,
Fahleite,CaZn5Fe3+2(AsO4)6·14H2O,CaZn5Fe2(AsO4)6·14H2O,Fhl,
Falsterite,Ca2MgMn2+2Fe2+2Fe3+2Zn4(PO4)8(OH)4(H2O)14,Ca2MgMn2Fe2Fe2Zn4(PO4)8(OH)4(H2O)14,Fls,
Fayalite,Fe2+2(SiO4),Fe2(SiO4),Fa,2FeO·SiO2,Fe2SiO4
Feiite,Fe2+2(Fe2+Ti4+)O5,Fe2(FeTi)O5,Fei,Fe3TiO5
Feklichevite,"Na11Ca9(Fe3+,Fe2+)2Zr3Nb(Si25O73)(OH,H2O,Cl,O)5","Na11Ca9(Fe,Fe)2Zr3Nb(Si25O73)(OH,H2O,Cl,O)5",Fek,
Fenaksite,KNaFe2+Si4O10,KNaFeSi4O10,Fnk,
Fencooperite,Ba6Fe3+3Si8O23(CO3)2Cl3·H2O,Ba6Fe3Si8O23(CO3)2Cl3·H2O,Fco,
Fengchengite,Na12[box]3Ca6Fe3+3Zr3Si(Si25O73)(H2O)3(OH)2,Na12 3Ca6Fe3Zr3Si(Si25O73)(H2O)3(OH)2,Fcg,
Ferberite,Fe2+(WO4),Fe(WO4),Feb,
Ferchromide,Cr1.5Fe0.2,Cr1.5Fe0.2,Fcr,
Ferhodsite,"(Fe,Rh,Ni,Ir,Cu,Co,Pt)9-xS8","(Fe,Rh,Ni,Ir,Cu,Co,Pt)9-xS8",Frh,
Fernandinite,"(Ca,Na,K)0.9(V5+,V4+,Fe2+,Ti)8O20·4H2O","(Ca,Na,K)0.9(V,V,Fe,Ti)8O20·4H2O",Frn,
Feroxyhyte,Fe3+O(OH),FeO(OH),Fox,δ-FeO(OH),δ-FeOOH
Ferraioloite,MgMn2+4(Fe2+0.5Al0.5)4Zn4(PO4)8(OH)4(H2O)20,MgMn4(Fe0.5Al0.5)4Zn4(PO4)8(OH)4(H2O)20,Frl,
Ferriakasakaite-(Ce),CaCeFe3+AlMn2+(Si2O7)(SiO4)O(OH),CaCeFeAlMn(Si2O7)(SiO4)O(OH),Fak-Ce,
Ferriakasakaite-(La),CaLaFe3+AlMn2+(Si2O7)(SiO4)O(OH),CaLaFeAlMn(Si2O7)(SiO4)O(OH),Fak-La,
Ferriallanite-(Ce),CaCe(Fe3+AlFe2+)[Si2O7][SiO4]O(OH),CaCe(FeAlFe)[Si2O7][SiO4]O(OH),Faln-Ce,
Ferriallanite-(La),CaLa(Fe3+AlFe2+)[Si2O7][SiO4]O(OH),CaLa(FeAlFe)[Si2O7][SiO4]O(OH),Faln-La,
Ferriandrosite-(La),MnLaFe3+AlMn2+(Si2O7)(SiO4)O(OH),MnLaFeAlMn(Si2O7)(SiO4)O(OH),Fea-La,
Ferribushmakinite,Pb2Fe3+(PO4)(VO4)(OH),Pb2Fe(PO4)(VO4)(OH),Fbmk,
Ferricerite-(La),"(La,Ce,Ca)9Fe3+(SiO4)3(SiO3OH)4(OH)3","(La,Ce,Ca)9Fe(SiO4)3(SiO3OH)4(OH)3",Fecrt-La,
Ferricopiapite,Fe3+0.67Fe3+4(SO4)6(OH)2·20H2O,Fe0.67Fe4(SO4)6(OH)2·20H2O,Fcpi,
Ferricoronadite,Pb(Mn4+6Fe3+2)O16,Pb(Mn6Fe2)O16,Fcor,
Ferri-fluoro-katophorite,Na(NaCa)(Mg4Fe3+)(Si7Al)O22F2,Na(NaCa)(Mg4Fe)(Si7Al)O22F2,Fflktp,
Ferri-fluoro-leakeite,NaNa2(Mg2Fe3+2Li)Si8O22F2,NaNa2(Mg2Fe2Li)Si8O22F2,Ffllk,
Ferri-ghoseite,[box](NaMn2+)(Mg4Fe3+)Si8O22(OH)2," (NaMn)(Mg4Fe)Si8O22(OH)2",Fgh,
Ferri-hellandite-(Ce),(Ca3Ce)Ce2Fe3+2B4Si4O22(OH)2,(Ca3Ce)Ce2Fe2B4Si4O22(OH)2,Fhld-Ce,
Ferrihollandite,Ba(Mn4+6Fe3+2)O16,Ba(Mn6Fe2)O16,Fhol,
Ferrihydrite,Fe3+10O14(OH)2,Fe10O14(OH)2,Fhy,Fe5HO8·4H2O,Fe5O3(OH)9,5Fe2O3·9H2O,hydrous ferric oxide
Ferri-kaersutite,NaCa2(Mg3Fe3+Ti)(Si6Al2)O22O2,NaCa2(Mg3FeTi)(Si6Al2)O22O2,Fkrs,
Ferri-katophorite,Na(NaCa)(Mg4Fe3+)(Si7Al)O22(OH)2,Na(NaCa)(Mg4Fe)(Si7Al)O22(OH)2,Fktp,
Ferri-leakeite,NaNa2(Mg2Fe3+2Li)Si8O22(OH)2,NaNa2(Mg2Fe2Li)Si8O22(OH)2,Flk,
Ferrilotharmeyerite,CaZnFe3+(AsO4)2(OH)·H2O,CaZnFe(AsO4)2(OH)·H2O,Flmy,
Ferrimolybdite,Fe3+2(Mo6+O4)3·7H2O,Fe2(MoO4)3·7H2O,Fmyb,
Ferri-mottanaite-(Ce),Ca4Ce2Fe3+(Be1.5[box]0.5)[Si4B4O22]O2,Ca4Ce2Fe(Be1.5 0.5)[Si4B4O22]O2,Fmot-Ce,
Ferrinatrite,Na3Fe3+(SO4)3·3H2O,Na3Fe(SO4)3·3H2O,Fnat,
Ferri-obertiite,NaNa2(Mg3Fe3+Ti)Si8O22O2,NaNa2(Mg3FeTi)Si8O22O2,Fob,
Ferri-pedrizite,NaLi2(Mg2Fe3+2Li)Si8O22(OH)2,NaLi2(Mg2Fe2Li)Si8O22(OH)2,Fpd,
Ferriperboeite-(Ce),(CaCe3)(Fe3+Al2Fe2+)(Si2O7)(SiO4)3O(OH)2,(CaCe3)(FeAl2Fe)(Si2O7)(SiO4)3O(OH)2,Fpbø-Ce,
Ferriperboeite-(La),(CaLa3)(Fe3+Al2Fe2+)[Si2O7][SiO4]3O(OH)2,(CaLa3)(FeAl2Fe)[Si2O7][SiO4]3O(OH)2,Fpbø-La,
Ferriprehnite,Ca2Fe3+(AlSi3)O10(OH)2,Ca2Fe(AlSi3)O10(OH)2,Fprh,
Ferripyrophyllite,Fe3+Si2O5(OH),FeSi2O5(OH),Fprl,
Ferrirockbridgeite,(Fe3+0.67[box]0.33)2(Fe3+)3(PO4)3(OH)4(H2O),(Fe0.67 0.33)2(Fe)3(PO4)3(OH)4(H2O),Frck,
Ferrisanidine,K(Fe3+Si3O8),K(FeSi3O8),Fsa,
Ferrisepiolite,"(Fe3+,Fe2+,Mg)4[(Si,Fe3+)6O15](O,OH)2·6H2O","(Fe,Fe,Mg)4[(Si,Fe)6O15](O,OH)2·6H2O",Fsep,
Ferristrunzite,Fe3+Fe3+2(PO4)2(OH)3·5H2O,FeFe2(PO4)2(OH)3·5H2O,Fstz,Fe3(PO4)2(OH)3·5H2O
Ferrisurite,Pb2.4Fe3+2Si4O10(CO3)1.7(OH)3·nH2O,Pb2.4Fe2Si4O10(CO3)1.7(OH)3·nH2O,Fsur,
Ferrisymplesite,Fe3+3(AsO4)2(OH)3·5H2O,Fe3(AsO4)2(OH)3·5H2O,Fsym,
Ferri-taramite,Na(NaCa)(Mg3Fe3+2)(Si6Al2)O22(OH)2,Na(NaCa)(Mg3Fe2)(Si6Al2)O22(OH)2,Fi-trm,
Ferrivauxite,Fe3+Al2(PO4)2(OH)3·5H2O,FeAl2(PO4)2(OH)3·5H2O,Fvx,
Ferri-winchite,[box](NaCa)(Mg4Fe3+)Si8O22(OH)2," (NaCa)(Mg4Fe)Si8O22(OH)2",Fwnc,
Ferro-actinolite,[box]Ca2(Mg2.5-0.0Fe2+2.5-5.0)Si8O22(OH)2," Ca2(Mg2.5-0.0Fe2.5-5.0)Si8O22(OH)2",Fact,
Ferroalluaudite,NaFe2+Fe3+2(PO4)3,NaFeFe2(PO4)3,Fald,NaFe3(PO4)3
Ferroaluminoceladonite,KFe2+AlSi4O10(OH)2,KFeAlSi4O10(OH)2,Facel,
Ferro-anthophyllite,[box]Fe2+2Fe2+5Si8O22(OH)2," Fe2Fe5Si8O22(OH)2",Fath,
Ferroberaunite,Fe2+Fe3+5(PO4)4(OH)5·6H2O,FeFe5(PO4)4(OH)5·6H2O,Fbru,Fe6(PO4)4(OH)5·6H2O
Ferrobobfergusonite,[box]Na2Fe2+5Fe3+Al(PO4)6," Na2Fe5FeAl(PO4)6",Fbfg,
Ferro-bosiite,NaFe3+3(Al4Fe2+2)(Si6O18)(BO3)3(OH)3O,NaFe3(Al4Fe2)(Si6O18)(BO3)3(OH)3O,Fbos,
Ferrobustamite,CaFe2+Si2O6,CaFeSi2O6,Fbst,
Ferrocarpholite,Fe2+Al2Si2O6(OH)4,FeAl2Si2O6(OH)4,Fcar,
Ferroceladonite,KFe2+Fe3+Si4O10(OH)2,KFeFeSi4O10(OH)2,Fcel,KFe2Si4O10(OH)2
Ferrochiavennite,"Ca1-2Fe[(Si,Al,Be)5Be2O13(OH)2]·2H2O","Ca1-2Fe[(Si,Al,Be)5Be2O13(OH)2]·2H2O",Fcve,
Ferro-edenite,NaCa2Fe2+5(Si7Al)O22(OH)2,NaCa2Fe5(Si7Al)O22(OH)2,Fed,
Ferroefremovite,(NH4)2Fe2+2(SO4)3,(NH4)2Fe2(SO4)3,Fefr,
Ferroericssonite,BaFe2+2Fe3+(Si2O7)O(OH),BaFe2Fe(Si2O7)O(OH),Fers,
Ferro-ferri-fluoro-leakeite,NaNa2(Fe2+2Fe3+2Li)Si8O22F2,NaNa2(Fe2Fe2Li)Si8O22F2,Fffllk,
Ferro-ferri-holmquistite,[box]Li2(Fe2+3Fe3+2)(Si8O22)(OH)2," Li2(Fe3Fe2)(Si8O22)(OH)2",Ffhlm,
Ferro-ferri-hornblende,[box]Ca2(Fe2+4Fe3+)(Si7Al)O22(OH)2," Ca2(Fe4Fe)(Si7Al)O22(OH)2",Ffhbl,
Ferro-ferri-katophorite,Na(NaCa)(Fe2+4Fe3+)(Si7Al)O22(OH)2,Na(NaCa)(Fe4Fe)(Si7Al)O22(OH)2,Ffktp,
Ferro-ferri-nyboite,NaNa2(Fe2+3Fe3+2)(Si7Al)O22(OH)2,NaNa2(Fe3Fe2)(Si7Al)O22(OH)2,Ffnyb,
Ferro-ferri-obertiite,NaNa2(Fe2+3Fe3+Ti)Si8O22O2,NaNa2(Fe3FeTi)Si8O22O2,Ffob,
Ferro-ferri-pedrizite,NaLi2(Fe2+2Fe3+2Li)Si8O22(OH)2,NaLi2(Fe2Fe2Li)Si8O22(OH)2,Ffpd,
Ferrofettelite,[Ag6As2S7][Ag10FeAs2S8],[Ag6As2S7][Ag10FeAs2S8],Fftt,
Ferro-fluoro-edenite,NaCa2Fe2+5(Si7AlO22)F2,NaCa2Fe5(Si7AlO22)F2,Ffed,
Ferro-fluoro-pedrizite,NaLi2(Fe2+2Al2Li)Si8O22F2,NaLi2(Fe2Al2Li)Si8O22F2,Fflpd,
Ferro-gedrite,[box]Fe2+2(Fe2+3Al2)(Si6Al2)O22(OH)2," Fe2(Fe3Al2)(Si6Al2)O22(OH)2",Fged,
Ferro-glaucophane,[box]Na2(Fe2+3Al2)Si8O22(OH)2," Na2(Fe3Al2)Si8O22(OH)2",Fgln,
Ferrohexahydrite,Fe2+(SO4)·6H2O,Fe(SO4)·6H2O,Fhhy,FeSO4·6H2O
Ferrohogbomite-2N2S,"(Fe,Mg,Zn,Al)3(Al,Ti,Fe)8O15(OH)","(Fe,Mg,Zn,Al)3(Al,Ti,Fe)8O15(OH)",Fhög-2N2S,
Ferro-holmquistite,[box]Li2(Fe2+3Al2)Si8O22(OH)2," Li2(Fe3Al2)Si8O22(OH)2",Fhlm,
Ferro-hornblende,[box]Ca2(Fe2+4Al)(Si7Al)O22(OH)2," Ca2(Fe4Al)(Si7Al)O22(OH)2",Fhbl,
Ferroindialite,"(Fe2+,Mg)2Al4Si5O18","(Fe,Mg)2Al4Si5O18",Find,
Ferro-katophorite,Na(NaCa)(Fe2+4Al)(Si7Al)O22(OH)2,Na(NaCa)(Fe4Al)(Si7Al)O22(OH)2,Foktp,
Ferrokentbrooksite,"Na15Ca6Fe2+3Zr3Nb(Si25O73)(O,OH,H2O)3(F,Cl)2","Na15Ca6Fe3Zr3Nb(Si25O73)(O,OH,H2O)3(F,Cl)2",Fktb,
Ferrokesterite,Cu2FeSnS4,Cu2FeSnS4,Fkës,
Ferrokinoshitalite,BaFe2+3(Si2Al2)O10(OH)2,BaFe3(Si2Al2)O10(OH)2,Fkns,
Ferrolaueite,Fe2+Fe3+2(PO4)2(OH)2·8H2O,FeFe2(PO4)2(OH)2·8H2O,Flae,Fe3(PO4)2(OH)2·8H2O
Ferromerrillite,Ca9NaFe2+(PO4)7,Ca9NaFe(PO4)7,Fmer,
Ferronickelplatinum,Pt2FeNi,Pt2FeNi,Fnpt,
Ferronigerite-2N1S,"(Al,Fe,Zn)2(Al,Sn)6O11(OH)","(Al,Fe,Zn)2(Al,Sn)6O11(OH)",Fng-2N1S,
Ferronigerite-6N6S,"(Al,Fe,Zn)3(Al,Sn,Fe)8O15(OH)","(Al,Fe,Zn)3(Al,Sn,Fe)8O15(OH)",Fng-6N6S,
Ferronordite-(Ce),Na3SrCeFe2+Si6O17,Na3SrCeFeSi6O17,Fnor-Ce,
Ferronordite-(La),Na3SrLaFe2+Si6O17,Na3SrLaFeSi6O17,Fnor-La,
Ferro-papikeite,NaFe2+2(Fe2+3Al2)(Si5Al3)O22(OH)2,NaFe2(Fe3Al2)(Si5Al3)O22(OH)2,Fpa,
Ferro-pargasite,NaCa2(Fe2+4Al)(Si6Al2)O22(OH)2,NaCa2(Fe4Al)(Si6Al2)O22(OH)2,Fprg,
Ferro-pedrizite,NaLi2(Fe2+2Al2Li)Si8O22(OH)2,NaLi2(Fe2Al2Li)Si8O22(OH)2,Fopd,
Ferroqingheiite,Na2Fe2+MgAl(PO4)3,Na2FeMgAl(PO4)3,Qin-Fe2+,
Ferrorhodonite,CaMn3Fe(Si5O15),CaMn3Fe(Si5O15),Frdn,
Ferro-richterite,Na(NaCa)Fe2+5Si8O22(OH)2,Na(NaCa)Fe5Si8O22(OH)2,Frct,
Ferrorockbridgeite,"(Fe2+,Mn2+)2Fe3+3(PO4)3(OH)4(H2O)","(Fe,Mn)2Fe3(PO4)3(OH)4(H2O)",Forck,
Ferrorosemaryite,[box]NaFe2+(Fe3+Al)(PO4)3," NaFe(FeAl)(PO4)3",Frmy,
Ferrosaponite,"Ca0.3(Fe2+,Mg,Fe3+)3(Si,Al)4O10(OH)2·4H2O","Ca0.3(Fe,Mg,Fe)3(Si,Al)4O10(OH)2·4H2O",Fsap,
Ferroselite,FeSe2,FeSe2,Fse,
Ferrosilite,Fe2+2Si2O6,Fe2Si2O6,Fs,
Ferroskutterudite,FeAs3,FeAs3,Fskt,
Ferrostalderite,CuFe2TlAs2S6,CuFe2TlAs2S6,Fstd,
Ferrostrunzite,Fe2+Fe3+2(PO4)2(OH)2·6H2O,FeFe2(PO4)2(OH)2·6H2O,Fostz,Fe3(PO4)2(OH)2·6H2O
Ferrotaaffeite-2N2S,"(Fe2+,Mg,Zn)3Al8BeO16","(Fe,Mg,Zn)3Al8BeO16",Ftf-2N'2S,
Ferrotaaffeite-6N3S,BeFe2+2Al6O12,BeFe2Al6O12,Ftf-6N'3S,
Ferro-taramite,Na(NaCa)(Fe2+3Al2)(Si6Al2)O22(OH)2,Na(NaCa)(Fe3Al2)(Si6Al2)O22(OH)2,Ftrm,
Ferrotitanowodginite,Fe2+TiTa2O8,FeTiTa2O8,Ftwdg,
Ferrotochilinite,FeS·≈0.85[Fe(OH)2],FeS·≈0.85[Fe(OH)2],Ftch,
Ferrotorryweiserite,Rh5Fe10S16,Rh5Fe10S16,Ftyw,
Ferro-tschermakite,[box]Ca2(Fe2+3Al2)(Si6Al2)O22(OH)2," Ca2(Fe3Al2)(Si6Al2)O22(OH)2",Fts,
Ferrotychite,Na6Fe2+2(CO3)4(SO4),Na6Fe2(CO3)4(SO4),Ftyc,
Ferrovalleriite,"2[(Fe,Cu)S]·1.53[(Fe,Al,Mg)(OH)2]","2[(Fe,Cu)S]·1.53[(Fe,Al,Mg)(OH)2]",Fval,
Ferrovorontsovite,(Fe5Cu)TlAs4S12,(Fe5Cu)TlAs4S12,Fvor,
Ferrowodginite,Fe2+Sn4+Ta2O8,FeSnTa2O8,Fwdg,
Ferrowyllieite,NaNaFe2+(Fe2+Al)(PO4)3,NaNaFe(FeAl)(PO4)3,Fwyl,
Feruvite,CaFe2+3(Al5Mg)(Si6O18)(BO3)3(OH)3(OH),CaFe3(Al5Mg)(Si6O18)(BO3)3(OH)3(OH),Fuvt,
Fervanite,Fe3+4V5+4O16·5H2O,Fe4V4O16·5H2O,Fvn,
Fetiasite,"(Fe2+,Fe3+,Ti4+)3O2As3+2O5","(Fe,Fe,Ti)3O2As2O5",Fet,
Fibroferrite,Fe3+(SO4)(OH)·5H2O,Fe(SO4)(OH)·5H2O,Ffr,
Filipstadite,(Fe3+0.5Sb5+0.5)Mn2+2O4,(Fe0.5Sb0.5)Mn2O4,Fps,
Fleisstalite,Fe2+(SO3)·3H2O,Fe(SO3)·3H2O,Fss,FeSO3·3H2O
Florenskyite,FeTiP,FeTiP,Fsk,
Fluorannite,KFe2+3(Si3Al)O10F2,KFe3(Si3Al)O10F2,Fann,
Fluorarrojadite-(BaFe),Na2CaBaFe2+Fe2+13Al(PO4)11(PO3OH)F2,Na2CaBaFeFe13Al(PO4)11(PO3OH)F2,Fajd-BaFe,Na2CaBaFe14Al(PO4)11(PO3OH)F2
Fluorarrojadite-(BaNa),BaNa4CaFe13Al(PO4)11(PO3OH)F2,BaNa4CaFe13Al(PO4)11(PO3OH)F2,Fajd-BaNa,
Fluorbarytolamprophyllite,"(Ba,Sr,K)2[(Na,Fe2+)3TiF2][Ti2(Si2O7)2O2]","(Ba,Sr,K)2[(Na,Fe)3TiF2][Ti2(Si2O7)2O2]",Fblmp,
Fluor-buergerite,NaFe3+3Al6(Si6O18)(BO3)3O3F,NaFe3Al6(Si6O18)(BO3)3O3F,Fbu,
Fluoro-riebeckite,[box]Na2(Fe2+3Fe3+2)Si8O22F2," Na2(Fe3Fe2)Si8O22F2",Frbk,
Fluorotetraferriphlogopite,KMg3Fe3+Si3O10F2,KMg3FeSi3O10F2,Ftfphl,
Fluor-schorl,NaFe2+3Al6(Si6O18)(BO3)3(OH)3F,NaFe3Al6(Si6O18)(BO3)3(OH)3F,Fsrl,
Flurlite,Zn2+Zn2+3Fe3+(PO4)3(OH)2(H2O)7·2H2O,ZnZn3Fe(PO4)3(OH)2(H2O)7·2H2O,Flu,
Foitite,[box](Fe2+2Al)Al6(Si6O18)(BO3)3(OH)3(OH)," (Fe2Al)Al6(Si6O18)(BO3)3(OH)3(OH)",Foi,
Fougerite,Fe2+4Fe3+2(OH)12(CO3)·3H2O,Fe4Fe2(OH)12(CO3)·3H2O,Fgè,"Green Rust",Fe6(OH)12(CO3)·3H2O,GR1(CO32-)
Franckeite,Pb21.7Sn9.3Fe4.0Sb8.1S56.9,Pb21.7Sn9.3Fe4.0Sb8.1S56.9,Fke,
Franklinfurnaceite,Ca2Mn2+3Mn3+Fe3+Zn2Si2O10(OH)8,Ca2Mn3MnFeZn2Si2O10(OH)8,Fkf,
Franklinite,ZnFe3+2O4,ZnFe2O4,Frk,Zn2+Fe3+2O4
Freudenbergite,Na(Ti4+3Fe3+)O8,Na(Ti3Fe)O8,Fdb,
Frohbergite,FeTe2,FeTe2,Frb,
Frondelite,(Mn2+0.5Fe3+0.5)2Fe3+3(PO4)3(OH)5,(Mn0.5Fe0.5)2Fe3(PO4)3(OH)5,Fnd,
Fukuchilite,Cu3FeS8,Cu3FeS8,Fuk,
Gabrielsonite,PbFe3+(AsO3)O,PbFe(AsO3)O,Gbr,
Gadolinite-(Ce),Ce2Fe2+Be2O2(SiO4)2,Ce2FeBe2O2(SiO4)2,Gad-Ce,
Gadolinite-(Nd),Nd2Fe2+Be2O2(SiO4)2,Nd2FeBe2O2(SiO4)2,Gad-Nd,
Gadolinite-(Y),Y2Fe2+Be2O2(SiO4)2,Y2FeBe2O2(SiO4)2,Gad-Y,
Galileiite,NaFe2+4(PO4)3,NaFe4(PO4)3,Gll,
Gamagarite,Ba2Fe3+(VO4)2(OH),Ba2Fe(VO4)2(OH),Gam,
Garavellite,FeSbBiS4,FeSbBiS4,Grv,
Gartrellite,PbCuFe3+(AsO4)2(OH)·H2O,PbCuFe(AsO4)2(OH)·H2O,Gtl,
Garutiite,"(Ni,Fe,Ir)","(Ni,Fe,Ir)",Gar,
Garyansellite,Mg2Fe3+(PO4)2(OH)·2H2O,Mg2Fe(PO4)2(OH)·2H2O,Gas,
Gatelite-(Ce),"(Ca,Ce)4(Al,Mg,Fe)4(Si2O7)(SiO4)3(O,F,OH)3","(Ca,Ce)4(Al,Mg,Fe)4(Si2O7)(SiO4)3(O,F,OH)3",Gat-Ce,
Gayite,NaMnFe5(PO4)4(OH)6·2H2O,NaMnFe5(PO4)4(OH)6·2H2O,Gy,
Geffroyite,"(Cu,Fe,Ag)9Se8","(Cu,Fe,Ag)9Se8",Gef,
Gengenbachite,KFe3(H2PO4)2(HPO4)4·6H2O,KFe3(H2PO4)2(HPO4)4·6H2O,Gnb,
Georgbarsanovite,"Na12(Mn,Sr,REE)3Ca6Fe2+3Zr3NbSi25O76Cl2·H2O","Na12(Mn,Sr,REE)3Ca6Fe3Zr3NbSi25O76Cl2·H2O",Gba,
Germanite,Cu13Fe2Ge2S16,Cu13Fe2Ge2S16,Ger,
Giacovazzoite,K5Fe3+3O(SO4)6·10H2O,K5Fe3O(SO4)6·10H2O,Gvz,
Giessenite,"(Cu,Fe)2Pb26.4(Bi,Sb)19.6S57","(Cu,Fe)2Pb26.4(Bi,Sb)19.6S57",Gie,
Gillespite,BaFe2+Si4O10,BaFeSi4O10,Gls,
Giniite,Fe2+Fe3+4(PO4)4(OH)2·2H2O,FeFe4(PO4)4(OH)2·2H2O,Gin,Fe5(PO4)4(OH)2·2H2O
Gjerdingenite-Fe,"K2Fe(Nb,Ti)4(Si4O12)2(O,OH)4·6H2O","K2Fe(Nb,Ti)4(Si4O12)2(O,OH)4·6H2O",Gje-Fe,
Gladiusite,Fe3+2Fe2+4(PO4)(OH)11·H2O,Fe2Fe4(PO4)(OH)11·H2O,Gds,
Glaucodot,(Co0.5Fe0.5)AsS,(Co0.5Fe0.5)AsS,Gl,
Gmalimite,K6[box]Fe2+24S27,K6 Fe24S27,Gma,
Godlevskite,"(Ni,Fe)9S8","(Ni,Fe)9S8",Go,
Goethite,FeO(OH),FeO(OH),Gth,α-FeOOH,FeOOH,α-FeO(OH)
Goldichite,KFe3+(SO4)2·4H2O,KFe(SO4)2·4H2O,Gol,
Golyshevite,Na10Ca9Zr3Fe2SiNb(Si3O9)2(Si9O27)2(OH)3(CO3)·H2O,Na10Ca9Zr3Fe2SiNb(Si3O9)2(Si9O27)2(OH)3(CO3)·H2O,Gsv,
Gonyerite,Mn2+5Fe3+(Si3Fe3+O10)(OH)8,Mn5Fe(Si3FeO10)(OH)8,Gye,
Gorbunovite,"CsLi2(Ti,Fe)Si4O10(F,OH,O)2","CsLi2(Ti,Fe)Si4O10(F,OH,O)2",Gbv,
Gorerite,CaAlFe3+11O19,CaAlFe11O19,Gor,
Gormanite,Fe2+3Al4(PO4)4(OH)6·2H2O,Fe3Al4(PO4)4(OH)6·2H2O,Gm,
Gortdrumite,Cu24Fe2Hg9S23,Cu24Fe2Hg9S23,Gdr,
Graeserite,Fe3+4Ti3As3+O13(OH),Fe4Ti3AsO13(OH),Gsr,
Graftonite,Fe2+Fe2+2(PO4)2,FeFe2(PO4)2,Gft,Fe3(PO4)2
Graftonite-(Ca),CaFe2+2(PO4)2,CaFe2(PO4)2,Gft-Ca,
Graftonite-(Mn),MnFe2+2(PO4)2,MnFe2(PO4)2,Gft-Mn,
Gramaccioliite-(Y),"(Pb,Sr)(Y,Mn)Fe3+2(Ti,Fe3+)18O38","(Pb,Sr)(Y,Mn)Fe2(Ti,Fe)18O38",Gmc-Y,
Grattarolaite,Fe3+3O3(PO4),Fe3O3(PO4),Gra,
Graulichite-(Ce),CeFe3+3(AsO4)2(OH)6,CeFe3(AsO4)2(OH)6,Grl-Ce,
Graulichite-(La),LaFe3+3(AsO4)2(OH)6,LaFe3(AsO4)2(OH)6,Grl-La,
Greenalite,"(Fe2+,Fe3+)2-3Si2O5(OH)4","(Fe,Fe)2-3Si2O5(OH)4",Gre,
Greenwoodite,"Ba2-x(V3+OH)xV3+9(Fe3+,Fe2+)2Si2O22","Ba2-x(VOH)xV9(Fe,Fe)2Si2O22",Gwd,
Greifensteinite,Ca2Be4Fe2+5(PO4)6(OH)4·6H2O,Ca2Be4Fe5(PO4)6(OH)4·6H2O,Gfs,
Greigite,Fe2+Fe3+2S4,FeFe2S4,Grg,Fe3S4
Grigorievite,Cu3Fe3+2Al2(VO4)6,Cu3Fe2Al2(VO4)6,Ggv,
Griphite,"Ca(Mn2+,Na,Li)6Fe2+Al2(PO4)6(F,OH)2","Ca(Mn,Na,Li)6FeAl2(PO4)6(F,OH)2",Gph,
Grischunite,NaCa2Mn2+5Fe3+(AsO4)6·2H2O,NaCa2Mn5Fe(AsO4)6·2H2O,Gcn,
Grunerite,[box]Fe2+2Fe2+5Si8O22(OH)2," Fe2Fe5Si8O22(OH)2",Gru,
Gudmundite,FeSbS,FeSbS,Gu,
Guidottiite,Mn2Fe3+(SiFe3+)O5(OH)4,Mn2Fe(SiFe)O5(OH)4,Gdt,
Guildite,CuFe3+(SO4)2(OH)·4H2O,CuFe(SO4)2(OH)·4H2O,Gdi,
Gunterblassite,"(K,Ca,Ba,Na,[box])3Fe[(Si,Al)13O25(OH,O)4]·7H2O","(K,Ca,Ba,Na, )3Fe[(Si,Al)13O25(OH,O)4]·7H2O",Gbl,
Gupeiite,Fe3Si,Fe3Si,Gup,
Haapalaite,"2[(Fe,Ni)S]·1.61[(Mg,Fe)(OH)2]","2[(Fe,Ni)S]·1.61[(Mg,Fe)(OH)2]",Ha,
Hagendorfite,Na2MnFe2+Fe3+(PO4)3,Na2MnFeFe(PO4)3,Hag,Na2MnFe2(PO4)3
Haggertyite,BaFe2+4Fe3+2Ti5MgO19,BaFe4Fe2Ti5MgO19,Hgt,
Haigerachite,KFe3+3(H2PO4)6(HPO4)2·4H2O,KFe3(H2PO4)6(HPO4)2·4H2O,Hga,
Haitaite-(La),LaU4+Fe3+2(Ti13Fe2+4Fe3+)O38,LaUFe2(Ti13Fe4Fe)O38,Hti-La,
Hakite-(Fe),Cu6(Cu4Fe2)Sb4Se13,Cu6(Cu4Fe2)Sb4Se13,Hak-Fe,
Halilsarpite,[Mg(H2O)6][CaAs3+2(Fe3+2.67Mo6+0.33)(AsO4)2O7],[Mg(H2O)6][CaAs2(Fe2.67Mo0.33)(AsO4)2O7],Hsp,
Halotrichite,Fe2+Al2(SO4)4·22H2O,FeAl2(SO4)4·22H2O,Hth,
Hancockite,CaPb(Al2Fe3+)[Si2O7][SiO4]O(OH),CaPb(Al2Fe)[Si2O7][SiO4]O(OH),Hnc,
Hanswilkeite,KFeS2,KFeS2,Hsw,
Hapkeite,Fe2Si,Fe2Si,Hpk,
Harmunite,CaFe2O4,CaFe2O4,Hmu,
Harrisonite,CaFe2+6(SiO4)2(PO4)2,CaFe6(SiO4)2(PO4)2,Hrs,
Hastingsite,NaCa2(Fe2+4Fe3+)(Si6Al2)O22(OH)2,NaCa2(Fe4Fe)(Si6Al2)O22(OH)2,Hst,
Hatertite,NaNaCa(Cu2+Fe3+)(AsO4)3,NaNaCa(CuFe)(AsO4)3,Htt,
Hauckite,Fe3+3Mg24Zn18(SO4)4(CO3)2(OH)81,Fe3Mg24Zn18(SO4)4(CO3)2(OH)81,Hck,
Hawthorneite,BaMgTi3Cr4Fe2+2Fe3+2O19,BaMgTi3Cr4Fe2Fe2O19,Hwt,
Haxonite,"(Fe,Ni)23C6","(Fe,Ni)23C6",Hax,
Haycockite,Cu4Fe5S8,Cu4Fe5S8,Hyc,
Hedenbergite,CaFe2+Si2O6,CaFeSi2O6,Hd,
Heideite,"(Fe,Cr)1.15(Ti,Fe)2S4","(Fe,Cr)1.15(Ti,Fe)2S4",Hei,
Hematite,Fe2O3,Fe2O3,Hem,α-Fe2O3,Haematite
Hematophanite,"Pb4Fe3+3O8(Cl,OH)","Pb4Fe3O8(Cl,OH)",Hph,
Hemleyite,FeSiO3,FeSiO3,Hle,
Hemloite,"(Ti,V3+,Fe3+,Al)12As3+2O23(OH)","(Ti,V,Fe,Al)12As2O23(OH)",Hlo,
Henrymeyerite,Ba(Ti7Fe2+)O16,Ba(Ti7Fe)O16,Hmy,
Hentschelite,CuFe3+2(PO4)2(OH)2,CuFe2(PO4)2(OH)2,Hsl,
Hercynite,Fe2+Al2O4,FeAl2O4,Hc,
Heterosite,Fe3+(PO4),Fe(PO4),Het,
Hexaferrum,"(Fe,Os,Ru,Ir)","(Fe,Os,Ru,Ir)",Hfe,ε-iron
Hexamolybdenum,"(Mo,Ru,Fe,Ir,Os)","(Mo,Ru,Fe,Ir,Os)",Hmo,
Heyite,Pb5Fe2+2O4(VO4)2,Pb5Fe2O4(VO4)2,Hyt,
Hezuolinite,"(Sr,REE)4Zr(Ti,Fe3+,Fe2+)2Ti2O8(Si2O7)2","(Sr,REE)4Zr(Ti,Fe,Fe)2Ti2O8(Si2O7)2",Hez,
Hibbingite,Fe2+2(OH)3Cl,Fe2(OH)3Cl,Hib,
Hilarionite,Fe3+2(SO4)(AsO4)(OH)·6H2O,Fe2(SO4)(AsO4)(OH)·6H2O,Hrn,
Hillesheimite,"(K,Ca,Ba,[box])2(Mg,Fe,Ca,[box])2[(Si,Al)13O23(OH)6](OH)·8H2O","(K,Ca,Ba, )2(Mg,Fe,Ca, )2[(Si,Al)13O23(OH)6](OH)·8H2O",Hlh,
Hiroseite,FeSiO3,FeSiO3,Hir,
Hisingerite,Fe2Si2O5(OH)4·2H2O,Fe2Si2O5(OH)4·2H2O,Hsg,
Hocartite,Ag2FeSnS4,Ag2FeSnS4,Hoc,
Hogtuvaite,Ca4[Fe2+6Fe3+6]O4[Si8Be2Al2O36],Ca4[Fe6Fe6]O4[Si8Be2Al2O36],Htu,
Hohmannite,Fe3+2O(SO4)2·8H2O,Fe2O(SO4)2·8H2O,Hoh,
Hollisterite,Al3Fe,Al3Fe,Hli,
Homilite,Ca2Fe2+B2Si2O10,Ca2FeB2Si2O10,Hom,
Honessite,"(Ni1-xFe3+x)(SO4)x/2(OH)2·nH2O (x < 0.5, n < 3x/2)",(Ni1-xFex)(SO4)x/2(OH)2·nH2O,Hon,
Hongheite,"Ca19Fe2+Al4(Fe3+,Mg,Al)8([box],B)4BSi18O69(O,OH)9","Ca19FeAl4(Fe,Mg,Al)8( ,B)4BSi18O69(O,OH)9",Hgh,
Horomanite,Fe6Ni3S8,Fe6Ni3S8,Hmn,
Hoslite,Fe3+3(VO4)2(SO4)(OH)(H2O)4·3H2O,Fe3(VO4)2(SO4)(OH)(H2O)4·3H2O,Hös,
Howardevansite,NaCu2+Fe3+2(VO4)3,NaCuFe2(VO4)3,Hdv,
Howieite,"Na(Fe2+,Fe3+,Al,Mg)12(Si6O17)2(O,OH)10","Na(Fe,Fe,Al,Mg)12(Si6O17)2(O,OH)10",Hw,
Hubeite,Ca2Mn2+Fe3+Si4O12(OH)·2H2O,Ca2MnFeSi4O12(OH)·2H2O,Hub,
Hulsite,Fe2+2Fe3+O2(BO3),Fe2FeO2(BO3),Hls,
Humboldtine,Fe2+(C2O4)·2H2O,Fe(C2O4)·2H2O,Hbd,
Hundholmenite-(Y),"(Y,REE,Ca,Na)15(Al,Fe3+)CaxAs3+1-x(Si,As5+)Si6B3(O,F)48","(Y,REE,Ca,Na)15(Al,Fe)CaxAs1-x(Si,As)Si6B3(O,F)48",Hhm-Y,
Hydrobiotite,"K(Mg,Fe2+)6(Si,Al)8O20(OH)4·nH2O","K(Mg,Fe)6(Si,Al)8O20(OH)4·nH2O",Hbt,
Hydrohonessite,"(Ni1-xFe3+x)(SO4)x/2(OH)2·nH2O (x < 0.5, n > 3x/2)",(Ni1-xFex)(SO4)x/2(OH)2·nH2O,Hhon,
Hydroniumjarosite,(H3O)Fe3+3(SO4)2(OH)6,(H3O)Fe3(SO4)2(OH)6,Hjrs,
Hydroniumpharmacosiderite,(H3O)Fe3+4(AsO4)3(OH)4·4H2O,(H3O)Fe4(AsO4)3(OH)4·4H2O,Hpsd,
Hydroplumboelsmoreite,(Pb[box])(W1.33Fe3+0.67)O6(H2O),(Pb )(W1.33Fe0.67)O6(H2O),,
Hydroxyferroromeite,(Fe2+1.5[box]0.5)Sb5+2O6(OH),(Fe1.5 0.5)Sb2O6(OH),Hfr,
Hydroxykenoelsmoreite,"([box],Pb)2(W,Fe3+,Al)2(O,OH)6(OH)","( ,Pb)2(W,Fe,Al)2(O,OH)6(OH)",Hykm,
Hyttsjoite,Pb18Ba2Ca5Mn2+2Fe3+2Si30O90Cl·6H2O,Pb18Ba2Ca5Mn2Fe2Si30O90Cl·6H2O,Hyj,
Icosahedrite,Al63Cu24Fe13,Al63Cu24Fe13,Ihd,
Idaite,Cu3FeS4,Cu3FeS4,Ida,
Igelstromite,Fe3+(SbPb)O4,Fe(SbPb)O4,,
Ikranite,"(Na,H3O)15(Ca,Mn,REE)6Fe3+2Zr3Si24O66(O,OH)6Cl·nH2O","(Na,H3O)15(Ca,Mn,REE)6Fe2Zr3Si24O66(O,OH)6Cl·nH2O",Ikr,
Ilmenite,Fe2+Ti4+O3,FeTiO3,Ilm,
Ilvaite,CaFe3+Fe2+2O(Si2O7)(OH),CaFeFe2O(Si2O7)(OH),Ilv,CaFe3O(Si2O7)(OH)
Imandrite,Na12Ca3Fe3+2Si12O36,Na12Ca3Fe2Si12O36,Ima,
Indite,FeIn2S4,FeIn2S4,Idt,
Iowaite,Mg6Fe3+2(OH)16Cl2·4H2O,Mg6Fe2(OH)16Cl2·4H2O,Iow,
Ishiharaite,"(Cu,Ga,Fe,In,Zn)S","(Cu,Ga,Fe,In,Zn)S",Ish,
Ishikawaite,"(U,Fe,Y)NbO4","(U,Fe,Y)NbO4",Ikw,
Isocubanite,CuFe2S3,CuFe2S3,Icb,
Isoferroplatinum,Pt3Fe,Pt3Fe,Ifpt,
Isovite,"(Cr,Fe)23C6","(Cr,Fe)23C6",Isv,
Ixiolite-(Fe2+),(Ta2/3Fe2+1/3)O2,(Ta2/3Fe1/3)O2,,
Izoklakeite,"Pb26.4(Cu,Fe)2(Sb,Bi)19.6S57","Pb26.4(Cu,Fe)2(Sb,Bi)19.6S57",Iz,
Jacobsite,Mn2+Fe3+2O4,MnFe2O4,Jcb,
Jagoite,"Pb18Fe3+4[Si4(Si,Fe3+)6][Pb4Si16(Si,Fe)4]O82Cl6","Pb18Fe4[Si4(Si,Fe)6][Pb4Si16(Si,Fe)4]O82Cl6",Jg,
Jahnsite-(CaFeMg),CaFe2+Mg2Fe3+2(PO4)4(OH)2·8H2O,CaFeMg2Fe2(PO4)4(OH)2·8H2O,Jah-CaFeMg,
Jahnsite-(CaMnFe),CaMn2+Fe2+2Fe3+2(PO4)4(OH)2·8H2O,CaMnFe2Fe2(PO4)4(OH)2·8H2O,Jah-CaMnFe,
Jahnsite-(CaMnMg),CaMn2+Mg2Fe3+2(PO4)4(OH)2·8H2O,CaMnMg2Fe2(PO4)4(OH)2·8H2O,Jah-CaMnMg,
Jahnsite-(CaMnMn),CaMn2+Mn2+2Fe3+2(PO4)4(OH)2·8H2O,CaMnMn2Fe2(PO4)4(OH)2·8H2O,Jah-CaMnMn,
Jahnsite-(CaMnZn),CaMn2+Zn2Fe3+2(PO4)4(OH)2·8H2O,CaMnZn2Fe2(PO4)4(OH)2·8H2O,Jah-CaMnZn,
Jahnsite-(MnMnFe),Mn2+Mn2+Fe2+2Fe3+2(PO4)4(OH)2·8H2O,MnMnFe2Fe2(PO4)4(OH)2·8H2O,Jah-MnMnFe,
Jahnsite-(MnMnMg),Mn2+Mn2+Mg2Fe3+2(PO4)4(OH)2·8H2O,MnMnMg2Fe2(PO4)4(OH)2·8H2O,Jah-MnMnMg,
Jahnsite-(MnMnMn),Mn2+Mn2+Mn2+2Fe3+2(PO4)4(OH)2·8H2O,MnMnMn2Fe2(PO4)4(OH)2·8H2O,Jah-MnMnMn,
Jahnsite-(MnMnZn),Mn2+Mn2+Zn2Fe3+2(PO4)4(OH)2·8H2O,MnMnZn2Fe2(PO4)4(OH)2·8H2O,Jah-MnMnZn,
Jahnsite-(NaFeMg),NaFe3+Mg2Fe3+2(PO4)4(OH)2·8H2O,NaFeMg2Fe2(PO4)4(OH)2·8H2O,Jah-NaFeMg,
Jahnsite-(NaMnMg),"(Na,Ca)(Mn2+,Fe3+)(Mg,Fe3+)2Fe3+2(PO4)4(OH)2(H2O)8","(Na,Ca)(Mn,Fe)(Mg,Fe)2Fe2(PO4)4(OH)2(H2O)8",Jah-NaMnMg,
Jahnsite-(NaMnMn),NaMn2+(Mn2+Fe3+)Fe3+2(PO4)4(OH)2·8H2O,NaMn(MnFe)Fe2(PO4)4(OH)2·8H2O,Jah-NaMnMn,
Jamesite,"Pb2ZnFe3+2(Fe3+,Zn)4(AsO4)4(OH)8(OH,O)2","Pb2ZnFe2(Fe,Zn)4(AsO4)4(OH)8(OH,O)2",Jms,
Jamesonite,Pb4FeSb6S14,Pb4FeSb6S14,Ja,
Janggunite,"(Mn4+,Mn2+,Fe3+)6O8(OH)6","(Mn,Mn,Fe)6O8(OH)6",Jgn,
Jarosite,KFe3+3(SO4)2(OH)6,KFe3(SO4)2(OH)6,Jrs,
Javorieite,KFeCl3,KFeCl3,Jav,
Jeanbandyite,Fe3+Sn(OH)5O,FeSn(OH)5O,Jbd,
Jedwabite,Fe7Ta3,Fe7Ta3,Jed,
Jeppeite,"(K,Ba)2(Ti,Fe3+)6O13","(K,Ba)2(Ti,Fe)6O13",Jep,
Jinshajiangite,BaNaFe2+4Ti2(Si2O7)2O2(OH)2F,BaNaFe4Ti2(Si2O7)2O2(OH)2F,Jsh,
Joaquinite-(Ce),NaBa2Fe2+Ti2Ce2(Si4O12)2O2(OH)·H2O,NaBa2FeTi2Ce2(Si4O12)2O2(OH)·H2O,Jq-Ce,
Joesmithite,Pb2+Ca2(Mg3Fe3+2)(Si6Be2)O22(OH)2,PbCa2(Mg3Fe2)(Si6Be2)O22(OH)2,Joe,
Johnsomervilleite,Na3CaFe2+11(PO4)9,Na3CaFe11(PO4)9,Jsv,
Johntomaite,BaFe2+2Fe3+2(PO4)3(OH)3,BaFe2Fe2(PO4)3(OH)3,Jtm,
Johnwalkite,"K(Mn2+,Fe3+)2(Nb,Ta)O2(PO4)2·2(H2O,OH)","K(Mn,Fe)2(Nb,Ta)O2(PO4)2·2(H2O,OH)",Jwk,
Juanitaite,"(Cu,Ca,Fe)10Bi(AsO4)4(OH)11·2H2O","(Cu,Ca,Fe)10Bi(AsO4)4(OH)11·2H2O",Jni,
Juanite,"Ca10(Mg,Fe2+)4(Si,Al)13(O,OH)39·4H2O (?)","Ca10(Mg,Fe)4(Si,Al)13(O,OH)39·4H2O (?)",Jn,
Julgoldite-(Fe2+),Ca2Fe2+Fe3+2(Si2O7)(SiO4)(OH)2·H2O,Ca2FeFe2(Si2O7)(SiO4)(OH)2·H2O,Jul-Fe2+,Ca2Fe3(Si2O7)(SiO4)(OH)2·H2O
Julgoldite-(Fe3+),Ca2Fe3+Fe3+2(Si2O7)(SiO4)O(OH)·H2O,Ca2FeFe2(Si2O7)(SiO4)O(OH)·H2O,Jul-Fe3+,Ca2Fe3(Si2O7)(SiO4)O(OH)·H2O
Julgoldite-(Mg),Ca2MgFe3+2(Si2O7)(SiO4)(OH)2·H2O,Ca2MgFe2(Si2O7)(SiO4)(OH)2·H2O,Jul-Mg,
Jungite,Ca2Zn4Fe3+8(PO4)9(OH)9·16H2O,Ca2Zn4Fe8(PO4)9(OH)9·16H2O,Jun,
Kaatialaite,Fe3+[AsO2(OH)2]3·5H2O,Fe[AsO2(OH)2]3·5H2O,Kaa,
Kabalovite,Fe2+3Fe3+4(PO4)6,Fe3Fe4(PO4)6,Kbv,
Kahlerite,Fe2+(UO2)2(AsO4)2·12H2O,Fe(UO2)2(AsO4)2·12H2O,Kah,
Kainotropite,Cu4Fe3+O2(V2O7)(VO4),Cu4FeO2(V2O7)(VO4),Ktr,
Kalifersite,K5Fe3+7Si20O50(OH)6·12H2O,K5Fe7Si20O50(OH)6·12H2O,Klf,
Kamarizaite,Fe3+3(AsO4)2(OH)3·3H2O,Fe3(AsO4)2(OH)3·3H2O,Kmr,
Kamiokite,Fe2+2Mo4+3O8,Fe2Mo3O8,Kmk,
Kankite,Fe3+(AsO4)·3.5H2O,Fe(AsO4)·3.5H2O,Kňk,
Kapundaite,CaNaFe3+4(PO4)4(OH)3·5H2O,CaNaFe4(PO4)4(OH)3·5H2O,Kpd,
Karenwebberite,NaFe2+(PO4),NaFe(PO4),Kwb,
Karibibite,Fe3+3(As3+O2)4(As3+2O5)(OH),Fe3(AsO2)4(As2O5)(OH),Kab,
Kazakhstanite,Fe3+5V4+3V5+12O39(OH)9·9H2O,Fe5V3V12O39(OH)9·9H2O,Kaz,
Keckite,"CaMn(Fe3+,Mn)2Fe3+2(PO4)4(OH)3·7H2O","CaMn(Fe,Mn)2Fe2(PO4)4(OH)3·7H2O",Kec,
Keilite,FeS,FeS,Ke,"(Fe2+,Mg)S"
Kenngottite,Mn2+3Fe3+4(PO4)4(OH)6(H2O)2,Mn3Fe4(PO4)4(OH)6(H2O)2,Kgt,
Kenoargentotennantite-(Fe),Ag6(Cu4Fe2)As4S12[box],"Ag6(Cu4Fe2)As4S12 ",Katnt-Fe,
Kenoargentotetrahedrite-(Fe),Ag6(Cu4Fe2)Sb4S12[box],"Ag6(Cu4Fe2)Sb4S12 ",Kattr-Fe,
Kenorozhdestvenskayaite-(Fe),Ag6(Ag4Fe2)Sb4S12[box],"Ag6(Ag4Fe2)Sb4S12 ",Kroz-Fe,
Kerimasite,Ca3Zr2(SiFe3+2)O12,Ca3Zr2(SiFe2)O12,Kms,
Kernowite,Cu2Fe3+(AsO4)(OH)4·4H2O,Cu2Fe(AsO4)(OH)4·4H2O,Knw,
Keystoneite,Mg0.5NiFe3+(Te4+O3)3·4H2O,Mg0.5NiFe(TeO3)3·4H2O,Kys,
Kharaelakhite,"(Cu,Pt,Pb,Fe,Ni)9S8","(Cu,Pt,Pb,Fe,Ni)9S8",Klh,
Khesinite,Ca4(Mg2Fe3+10)O4(Fe3+10Si2)O36,Ca4(Mg2Fe10)O4(Fe10Si2)O36,Khe,
Khomyakovite,"Na12Sr3Ca6Fe3Zr3W(Si25O73)(O,OH,H2O)3(Cl,OH)2","Na12Sr3Ca6Fe3Zr3W(Si25O73)(O,OH,H2O)3(Cl,OH)2",Kmy,
Khrenovite,Na3Fe3+2(AsO4)3,Na3Fe2(AsO4)3,Khr,
Kidwellite,NaFe3+9+x(PO4)6(OH)11·3H2O (x ≈ 0.33),NaFex(PO4)6(OH)11·3H2O (x ≈ 0.33),Kdw,
Kingsmountite,Ca3MnFe2+Al4(PO4)6(OH)4·12H2O,Ca3MnFeAl4(PO4)6(OH)4·12H2O,Kmo,
Kinichilite,Mg0.5Mn2+Fe3+(Te4+O3)3·4.5H2O,Mg0.5MnFe(TeO3)3·4.5H2O,Kni,
Kintoreite,PbFe3+3(PO4)(PO3OH)(OH)6,PbFe3(PO4)(PO3OH)(OH)6,Kt,
Kirschsteinite,CaFe2+(SiO4),CaFe(SiO4),Kir,
Kleberite,Fe3+Ti6O11(OH)5,FeTi6O11(OH)5,Kbr,
Klochite,(Fe2+Fe3+)[box]2KZn3(Si12O30),(FeFe) 2KZn3(Si12O30),Klö,Fe4KZn3(Si12O30)
Klyuchevskite,K3Cu3Fe3+O2(SO4)4,K3Cu3FeO2(SO4)4,Kyv,
Kobellite,"Pb11(Cu,Fe)2(Bi,Sb)15S35","Pb11(Cu,Fe)2(Bi,Sb)15S35",Kbl,
Koksharovite,CaMg2Fe3+4(VO4)6,CaMg2Fe4(VO4)6,Kok,
Kolfanite,Ca2Fe3+3O2(AsO4)3·2H2O,Ca2Fe3O2(AsO4)3·2H2O,Kfn,
Kolitschite,"Pb[Zn0.5,[box]0.5]Fe3(AsO4)2(OH)6","Pb[Zn0.5, 0.5]Fe3(AsO4)2(OH)6",Klt,
Kollerite,(NH4)2Fe3+(SO3)2(OH)·H2O,(NH4)2Fe(SO3)2(OH)·H2O,Klr,
Koninckite,Fe3+(PO4)·3H2O,Fe(PO4)·3H2O,Kon,
Kornelite,Fe3+2(SO4)3·7H2O (?),Fe2(SO4)3·7H2O (?),Knl,
Kornerupine,"(Mg,Fe2+,Al,[box])10(Si,Al,B)5O21(OH,F)2","(Mg,Fe,Al, )10(Si,Al,B)5O21(OH,F)2",Krn,
Kozlowskiite,Ca4Fe2+Sn3(Si2O7)2(Si2O6OH)2,Ca4FeSn3(Si2O7)2(Si2O6OH)2,Kzw,
Kraisslite,"Zn3(Mn,Mg)25(Fe3+,Al)(As3+O3)2[(Si,As5+)O4]10(OH)16","Zn3(Mn,Mg)25(Fe,Al)(AsO3)2[(Si,As)O4]10(OH)16",Ksl,
Krausite,KFe3+(SO4)2·H2O,KFe(SO4)2·H2O,Ksi,
Kreiterite,CsLi2Fe3+Si4O10F2,CsLi2FeSi4O10F2,Kre,
Kremersite,(NH4)2Fe3+Cl5·H2O,(NH4)2FeCl5·H2O,Km,
Kryachkoite,"(Al,Cu)6(Fe,Cu)","(Al,Cu)6(Fe,Cu)",Kyh,
Kryzhanovskite,"(Fe3+,Mn2+)3(PO4)2(OH,H2O)3","(Fe,Mn)3(PO4)2(OH,H2O)3",Kry,
Kudryavtsevaite,Na3MgFe3+Ti4O12,Na3MgFeTi4O12,Kud,
Kulanite,BaFe2+2Al2(PO4)3(OH)3,BaFe2Al2(PO4)3(OH)3,Kul,
Kuliginite,Fe3Mg(OH)6Cl2,Fe3Mg(OH)6Cl2,Klg,
Kummerite,Mn2+Fe3+Al(PO4)2(OH)2·8H2O,MnFeAl(PO4)2(OH)2·8H2O,Kum,
Kunatite,CuFe3+2(PO4)2(OH)2·4H2O,CuFe2(PO4)2(OH)2·4H2O,Kun,
Kupcikite,Cu3.4Fe0.6Bi5S10,Cu3.4Fe0.6Bi5S10,Kup,
Kuratite,Ca2(Fe2+5Ti)O2[Si4Al2O18],Ca2(Fe5Ti)O2[Si4Al2O18],Kur,
Laachite,"(Ca,Mn)2Zr2Nb2TiFeO14","(Ca,Mn)2Zr2Nb2TiFeO14",Laa,
Labuntsovite-Fe,Na4K4Fe2+2Ti8O4(Si4O12)4(OH)4·10-12H2O,Na4K4Fe2Ti8O4(Si4O12)4(OH)4·10-12H2O,Lab-Fe,
Labyrinthite,"(Na,K,Sr)35Ca12Fe3Zr6TiSi51O144(O,OH,H2O)9Cl3","(Na,K,Sr)35Ca12Fe3Zr6TiSi51O144(O,OH,H2O)9Cl3",Lby,
Laihunite,"(Fe3+,Fe2+,[box])2(SiO4)","(Fe,Fe, )2(SiO4)",Lai,
Lakebogaite,NaCaFe2H(UO2)2(PO4)4(OH)2·8H2O,NaCaFe2H(UO2)2(PO4)4(OH)2·8H2O,Lbg,
Landauite,"(Na,Pb)(Mn2+,Y)(Zn,Fe)2(Ti,Fe3+,Nb)18(O,OH,F)O38","(Na,Pb)(Mn,Y)(Zn,Fe)2(Ti,Fe,Nb)18(O,OH,F)O38",Lda,
Landesite,Mn2+9Fe3+3(PO4)8(OH)3·9H2O,Mn9Fe3(PO4)8(OH)3·9H2O,Lds,
Laptevite-(Ce),NaFe2+(REE7Ca5Y3)(SiO4)4(Si3B2PO18)(BO3)F11,NaFe(REE7Ca5Y3)(SiO4)4(Si3B2PO18)(BO3)F11,Lpt-Ce,
Lasnierite,"(Ca,Sr)(Mg,Fe2+)2Al(PO4)3","(Ca,Sr)(Mg,Fe)2Al(PO4)3",Lnr,
Latrappite,Ca2NbFe3+O6,Ca2NbFeO6,Ltp,
Laueite,Mn2+Fe3+2(PO4)2(OH)2·8H2O,MnFe2(PO4)2(OH)2·8H2O,Lae,
Lausenite,Fe3+2(SO4)3·5H2O,Fe2(SO4)3·5H2O,Lse,
Lavenite,"(Na,Ca)4(Mn2+,Fe2+)2(Zr,Ti,Nb)2(Si2O7)2(O,F)4","(Na,Ca)4(Mn,Fe)2(Zr,Ti,Nb)2(Si2O7)2(O,F)4",Låv,
Lawrencite,FeCl2,FeCl2,Law,"(Fe2+,Ni)Cl2"
Lazarenkoite,CaFe3+As3+3O7·3H2O,CaFeAs3O7·3H2O,Laz,
Lefontite,Fe2Al2Be(PO4)2(OH)6,Fe2Al2Be(PO4)2(OH)6,Lef,
Lenaite,AgFeS2,AgFeS2,Ln,
Lennilenapeite,"K7(Mg,Mn2+,Fe2+,Zn)48(Si,Al)72(O,OH)216·16H2O","K7(Mg,Mn,Fe,Zn)48(Si,Al)72(O,OH)216·16H2O",Lnl,
Lepageite,Mn2+3(Fe3+7Fe2+4)O3[Sb3+5As3+8O34],Mn3(Fe7Fe4)O3[Sb5As8O34],Lep,
Lepidocrocite,Fe3+O(OH),FeO(OH),Lpc,γ-FeOOH,γ-FeO(OH)
Leucophosphite,KFe3+2(PO4)2(OH)·2H2O,KFe2(PO4)2(OH)·2H2O,Lpp,
Leydetite,Fe(UO2)(SO4)2·11H2O,Fe(UO2)(SO4)2·11H2O,Ley,
Lileyite,Ba2Ti2Na2Fe2+Mg(Si2O7)2O2F2,Ba2Ti2Na2FeMg(Si2O7)2O2F2,Lly,
Lindqvistite,Pb2Mn2+Fe3+16O27,Pb2MnFe16O27,Lqv,
Lindsleyite,"(Ba,Sr)(Zr,Ca)(Fe,Mg)2(Ti,Cr,Fe)18O38","(Ba,Sr)(Zr,Ca)(Fe,Mg)2(Ti,Cr,Fe)18O38",Ldy,
Linzhiite,FeSi2,FeSi2,Lzh,
Lipscombite,Fe2+Fe3+2(PO4)2(OH)2,FeFe2(PO4)2(OH)2,Lcb,Fe3(PO4)2(OH)2
Liraite,NaCa2Mn2+2[Fe3+Fe2+]Mn2+2(PO4)6(H2O)2,NaCa2Mn2[FeFe]Mn2(PO4)6(H2O)2,Lir,NaCa2Mn2Fe2Mn2(PO4)6(H2O)2
Lishizhenite,ZnFe3+2(SO4)4·14H2O,ZnFe2(SO4)4·14H2O,Lsh,
Liskeardite,"(Al,Fe)32(AsO4)18(OH)42(H2O)22·52H2O","(Al,Fe)32(AsO4)18(OH)42(H2O)22·52H2O",Lsk,
Liuite,FeTiO3,FeTiO3,Liu,
Lobanovite,K2Na(Fe2+4Mg2Na)Ti2(Si4O12)2O2(OH)4,K2Na(Fe4Mg2Na)Ti2(Si4O12)2O2(OH)4,Lbv,
Lollingite,FeAs2,FeAs2,Lö,
Lonecreekite,(NH4)Fe3+(SO4)2·12H2O,(NH4)Fe(SO4)2·12H2O,Lck,
Loveringite,"(Ca,Ce,La)(Zr,Fe)(Mg,Fe)2(Ti,Fe,Cr,Al)18O38","(Ca,Ce,La)(Zr,Fe)(Mg,Fe)2(Ti,Fe,Cr,Al)18O38",Lvg,
Lucchesiite,CaFe2+3Al6(Si6O18)(BO3)3(OH)3O,CaFe3Al6(Si6O18)(BO3)3(OH)3O,Lcc,
Ludlamite,Fe2+3(PO4)2·4H2O,Fe3(PO4)2·4H2O,Lud,
Ludlockite,PbFe3+4As3+10O22,PbFe4As10O22,Ldl,
Ludwigite,Mg2Fe3+O2(BO3),Mg2FeO2(BO3),Ldw,
Lukrahnite,"CaCuFe3+(AsO4)2(OH,H2O)2","CaCuFe(AsO4)2(OH,H2O)2",Lkr,
Lulzacite,Sr2Fe2+3Al4(PO4)4(OH)10,Sr2Fe3Al4(PO4)4(OH)10,Lul,
Luobusaite,Fe0.84Si2,Fe0.84Si2,Luo,
Luogufengite,Fe2O3,Fe2O3,Lgf,ε-Fe2O3
Lyonsite,Cu2+3Fe3+4(VO4)6,Cu3Fe4(VO4)6,Lyo,
Macaulayite,Fe3+24Si4O43(OH)2,Fe24Si4O43(OH)2,Mcy,
Mackayite,Fe3+Te4+2O5(OH),FeTe2O5(OH),Mky,
Mackinawite,"(Fe,Ni)1+xS","(Fe,Ni)xS",Mkw,"(Fe,Ni)9S8",FeS
Madeiraite,Na2Ca2Fe2Zr2(Si2O7)2O2F2,Na2Ca2Fe2Zr2(Si2O7)2O2F2,Mde,
Magbasite,KBaFe3+Mg7Si8O22(OH)2F6,KBaFeMg7Si8O22(OH)2F6,Mgb,
Magganasite,CuFe3+3O(AsO4)3,CuFe3O(AsO4)3,Mgg,
Maghagendorfite,Na2MgFe2+Fe3+(PO4)3,Na2MgFeFe(PO4)3,Mhag,Na2MgFe2(PO4)3
Maghemite,(Fe3+0.67[box]0.33)Fe3+2O4,(Fe0.67 0.33)Fe2O4,Mgh,γ-Fe2O3,
Magnanelliite,K3Fe3+2(SO4)4(OH)(H2O)2,K3Fe2(SO4)4(OH)(H2O)2,Mgn,
Magnesioalterite,Mg2Fe3+4(SO4)4(C2O4)2(OH)4·17H2O,Mg2Fe4(SO4)4(C2O4)2(OH)4·17H2O,Matr,
Magnesio-arfvedsonite,NaNa2(Mg4Fe3+)Si8O22(OH)2,NaNa2(Mg4Fe)Si8O22(OH)2,Marf,
Magnesiobeltrandoite-2N3S,(Mg6Al2)(Al18Fe3+2)O38(OH)2,(Mg6Al2)(Al18Fe2)O38(OH)2,Mbt-2N3S,
Magnesiocopiapite,MgFe3+4(SO4)6(OH)2·20H2O,MgFe4(SO4)6(OH)2·20H2O,Mcpi,
Magnesio-ferri-fluoro-hornblende,[box]Ca2(Mg4Fe3+)(Si7Al)O22F2," Ca2(Mg4Fe)(Si7Al)O22F2",Mffhbl,
Magnesio-ferri-hornblende,Ca2(Mg4Fe3+)[(Si7Al)O22](OH)2,Ca2(Mg4Fe)[(Si7Al)O22](OH)2,Mfhbl,
Magnesioferrite,MgFe3+2O4,MgFe2O4,Mfr,
Magnesio-fluoro-arfvedsonite,NaNa2(Mg4Fe3+)Si8O22F2,NaNa2(Mg4Fe)Si8O22F2,Mfarf,
Magnesio-fluoro-hastingsite,NaCa2(Mg4Fe3+)(Si6Al2)O22F2,NaCa2(Mg4Fe)(Si6Al2)O22F2,Mfhst,
Magnesio-hastingsite,NaCa2(Mg4Fe3+)(Si6Al2)O22(OH)2,NaCa2(Mg4Fe)(Si6Al2)O22(OH)2,Mhst,
Magnesiohatertite,NaNaCa(MgFe3+)(AsO4)3,NaNaCa(MgFe)(AsO4)3,Mhtt,
Magnesiohogbomite-2N2S,"(Mg,Fe,Al,Ti)22(O,OH)32","(Mg,Fe,Al,Ti)22(O,OH)32",Mhög-2N2S,
Magnesiohogbomite-2N3S,"(Mg,Fe,Zn,Ti)4(Al,Fe)10O19(OH)","(Mg,Fe,Zn,Ti)4(Al,Fe)10O19(OH)",Mhög-2N3S,
Magnesiohogbomite-2N4S,[(Mg8.43Fe2+1.57)Σ=10Al22Ti4+2O46(OH)2],[(Mg8.43Fe1.57)Al22Ti2O46(OH)2],Mhög-2N4S,
Magnesiohogbomite-6N6S,"(Mg,Al,Fe)3(Al,Ti)8O15(OH)","(Mg,Al,Fe)3(Al,Ti)8O15(OH)",Mhög-6N6S,
Magnesiohulsite,Mg2Fe3+O2(BO3),Mg2FeO2(BO3),Mhul,
Magnesioneptunite,"KNa2Li(Mg,Fe)2Ti2Si8O24","KNa2Li(Mg,Fe)2Ti2Si8O24",Mnpt,
Magnesionigerite-6N6S,"(Mg,Al,Zn)3(Al,Sn,Fe)8O15(OH)","(Mg,Al,Zn)3(Al,Sn,Fe)8O15(OH)",Mgng-6N6S,
Magnesio-riebeckite,[box]Na2(Mg3Fe3+2)Si8O22(OH)2," Na2(Mg3Fe2)Si8O22(OH)2",Mrbk,
Magnesiorowlandite-(Y),"Y4(Mg,Fe)(Si2O7)2F2","Y4(Mg,Fe)(Si2O7)2F2",Mrow-Y,
Magnesiovoltaite,K2Mg5Fe3+3Al(SO4)12·18H2O,K2Mg5Fe3Al(SO4)12·18H2O,Mvlt,
Magnetite,Fe2+Fe3+2O4,FeFe2O4,Mag,Fe3O4
Magnetoplumbite,PbFe3+12O19,PbFe12O19,Mpl,
Maikainite,Cu10Fe3MoGe3S16,Cu10Fe3MoGe3S16,Mai,
Makarochkinite,Ca4[Fe2+8Fe3+2Ti2]O4[Si8Be2Al2O36],Ca4[Fe8Fe2Ti2]O4[Si8Be2Al2O36],Mkr,
Malhmoodite,Fe2+Zr(PO4)2·4H2O,FeZr(PO4)2·4H2O,Mmo,
Manaevite-(Ce),"Ca11(Ce,H2O,Ca)8Mg(Al,Fe)4(Mg,Ti,Fe3+)8[Si2O7]4[(SiO4)8(H4O4)2](OH)9","Ca11(Ce,H2O,Ca)8Mg(Al,Fe)4(Mg,Ti,Fe)8[Si2O7]4[(SiO4)8(H4O4)2](OH)9",Mv-Ce,
Mandarinoite,Fe3+2(Se4+O3)3·6H2O,Fe2(SeO3)3·6H2O,Mda,
Maneckiite,(Na[box])Ca2Fe2+2(Fe3+Mg)Mn2(PO4)6·2H2O,(Na )Ca2Fe2(FeMg)Mn2(PO4)6·2H2O,Mnc,
Manganbabingtonite,Ca2Mn2+Fe3+Si5O14(OH),Ca2MnFeSi5O14(OH),Mbab,
Manganflurlite,ZnMn2+3Fe3+(PO4)3(OH)2(H2O)7·2H2O,ZnMn3Fe(PO4)3(OH)2(H2O)7·2H2O,Mflu,
Manganilvaite,CaFe2+Fe3+Mn2+(Si2O7)O(OH),CaFeFeMn(Si2O7)O(OH),Mlv,CaFe2Mn(Si2O7)O(OH)
Manganoarrojadite-(KNa),KNa5MnFe13Al(PO4)11(PO3OH)(OH)2,KNa5MnFe13Al(PO4)11(PO3OH)(OH)2,Majd-KNa,
Manganobadalovite,NaNaMn(MgFe3+)(AsO4)3,NaNaMn(MgFe)(AsO4)3,Mbdl,
Mangano-ferri-eckermannite,NaNa2(Mn2+4Fe3+)Si8O22(OH)2,NaNa2(Mn4Fe)Si8O22(OH)2,Mfeck,
Manganosegelerite,Mn2+2Fe3+(PO4)2(OH)·4H2O,Mn2Fe(PO4)2(OH)·4H2O,Msgl,
Maohokite,MgFe2O4,MgFe2O4,Mhk,
Maoniupingite-(Ce),"(Ce,Ca)4(Fe3+,Ti,Fe2+,[box])(Ti,Fe3+,Fe2+,Nb)4Si4O22","(Ce,Ca)4(Fe,Ti,Fe, )(Ti,Fe,Fe,Nb)4Si4O22",Mao-Ce,
Mapimite,Zn2Fe3+3(AsO4)3(OH)4·10H2O,Zn2Fe3(AsO4)3(OH)4·10H2O,Mpm,
Mapiquiroite,"(Sr,Pb)(U,Y)Fe2(Ti,Fe3+)18O38","(Sr,Pb)(U,Y)Fe2(Ti,Fe)18O38",Mpq,
Marcasite,FeS2,FeS2,Mrc,
Mariakrite,[Ca4Al2(OH)12(H2O)4][Fe2S4],[Ca4Al2(OH)12(H2O)4][Fe2S4],Mari,
Maricite,NaFe2+(PO4),NaFe(PO4),Mrć,
Marinaite,Cu2Fe3+O2(BO3),Cu2FeO2(BO3),Mr,
Mathewrogersite,"Pb7FeAl3GeSi12O36(OH,H2O)6","Pb7FeAl3GeSi12O36(OH,H2O)6",Mwg,
Mathiasite,"(K,Ba,Sr)(Zr,Fe)(Mg,Fe)2(Ti,Cr,Fe)18O38","(K,Ba,Sr)(Zr,Fe)(Mg,Fe)2(Ti,Cr,Fe)18O38",Mts,
Matulaite,Fe3+Al7(PO4)4(PO3OH)2(OH)8(H2O)8·8H2O,FeAl7(PO4)4(PO3OH)2(OH)8(H2O)8·8H2O,Mat,
Matyhite,Ca9(Ca0.5[box]0.5)Fe2+(PO4)7,Ca9(Ca0.5 0.5)Fe(PO4)7,Myh,
Mawbyite,PbFe3+2(AsO4)2(OH)2,PbFe2(AsO4)2(OH)2,Mby,
Mawsonite,Cu6Fe2SnS8,Cu6Fe2SnS8,Maw,
Maxwellite,NaFe3+(AsO4)F,NaFe(AsO4)F,Max,
Mcauslanite,Fe2+3Al2(PO4)3(PO3OH)F·18H2O,Fe3Al2(PO4)3(PO3OH)F·18H2O,Mas,
Mcgovernite,"Zn3(Mn2+,Mg,Fe3+,Al)42(As3+O3)2(As5+O4)4[(Si,As5+)O4]8(OH)42","Zn3(Mn,Mg,Fe,Al)42(AsO3)2(AsO4)4[(Si,As)O4]8(OH)42",Mgv,
Medenbachite,Bi2Fe3+Cu2+(AsO4)2O(OH)3,Bi2FeCu(AsO4)2O(OH)3,Mdb,
Meifuite,KFe6(Si7Al)O19(OH)4Cl2,KFe6(Si7Al)O19(OH)4Cl2,Mf,
Melanarsite,K3Cu7Fe3+O4(AsO4)4,K3Cu7FeO4(AsO4)4,Mea,
Melanostibite,"Mn2+(Sb5+,Fe3+)O3","Mn(Sb,Fe)O3",Mlsb,
Melanotekite,Pb2Fe3+2O2(Si2O7),Pb2Fe2O2(Si2O7),Mtk,
Melanterite,Fe(SO4)·7H2O,Fe(SO4)·7H2O,Mln,FeSO4·7H2O
Melkovite,CaFe3+2Mo5O10(PO4)2(OH)12·8H2O,CaFe2Mo5O10(PO4)2(OH)12·8H2O,Mko,
Melliniite,"(Ni,Fe)4P","(Ni,Fe)4P",Mli,
Melonjosephite,CaFe2+Fe3+(PO4)2(OH),CaFeFe(PO4)2(OH),Mjo,CaFe2(PO4)2(OH)
Mendozavilite-KCa,[K2(H2O)15Ca(H2O)6][Mo8P2Fe3+3O34(OH)3],[K2(H2O)15Ca(H2O)6][Mo8P2Fe3O34(OH)3],Mdz-KCa,
Mendozavilite-NaCu,[Na2(H2O)15Cu(H2O)6][Mo8P2Fe3+3O34(OH)3],[Na2(H2O)15Cu(H2O)6][Mo8P2Fe3O34(OH)3],Mdz-NaCu,
Mendozavilite-NaFe,[Na2(H2O)15Fe3+(H2O)6][Mo8P2Fe3+3O35(OH)2],[Na2(H2O)15Fe(H2O)6][Mo8P2Fe3O35(OH)2],Mdz-NaFe,
Mereiterite,K2Fe2+(SO4)2·4H2O,K2Fe(SO4)2·4H2O,Mtr,
Merrihueite,"(K,Na)2(Fe2+,Mg)5Si12O30","(K,Na)2(Fe,Mg)5Si12O30",Mhu,
Messelite,Ca2Fe2+(PO4)2·2H2O,Ca2Fe(PO4)2·2H2O,Msl,
Metahohmannite,Fe3+2O(SO4)2·4H2O,Fe2O(SO4)2·4H2O,Mhoh,
Metakahlerite,Fe2+(UO2)2(AsO4)2·8H2O,Fe(UO2)2(AsO4)2·8H2O,Mkah,
Metakottigite,"(Zn,Fe3+)3(AsO4)2·8(H2O,OH)","(Zn,Fe)3(AsO4)2·8(H2O,OH)",Mköt,
Metasideronatrite,Na2Fe3+(SO4)2(OH)·H2O,Na2Fe(SO4)2(OH)·H2O,Mnat,
Metatamboite,Fe3+3(OH)(H2O)2(SO4)(Te4+O3)3[Te4+O(OH)2](H2O),Fe3(OH)(H2O)2(SO4)(TeO3)3[TeO(OH)2](H2O),Mtm,
Metavauxite,Fe2+Al2(PO4)2(OH)2·8H2O,FeAl2(PO4)2(OH)2·8H2O,Mvx,
Metavivianite,Fe2+Fe3+2(PO4)2(OH)2·6H2O,FeFe2(PO4)2(OH)2·6H2O,Mviv,Fe3(PO4)2(OH)2·6H2O
Metavoltine,K2Na6Fe2+Fe3+6O2(SO4)12·18H2O,K2Na6FeFe6O2(SO4)12·18H2O,Mvt,K2Na6Fe7O2(SO4)12·18H2O
Meurigite-K,KFe3+8(PO4)6(OH)7·6.5H2O,KFe8(PO4)6(OH)7·6.5H2O,Meu-K,
Meurigite-Na,[Na(H2O)2.5][Fe3+8(PO4)6(OH)7(H2O)4],[Na(H2O)2.5][Fe8(PO4)6(OH)7(H2O)4],Meu-Na,
Mianningite,"([box],Pb,Ce,Na)(U4+,Mn,U6+)Fe3+2(Ti,Fe3+)18O38","( ,Pb,Ce,Na)(U,Mn,U)Fe2(Ti,Fe)18O38",Min,
Michalskiite,Cu2+Mg3Fe3+3.33(VO4)6,CuMg3Fe3.33(VO4)6,Mcs,
Miharaite,PbCu4FeBiS6,PbCu4FeBiS6,Mih,
Mikasaite,Fe3+2(SO4)3,Fe2(SO4)3,Mik,
Mikehowardite,Fe3+4(V5+O4)4(H2O)2·H2O,Fe4(VO4)4(H2O)2·H2O,Mhw,
Milanriederite,"(Ca,REE)19Fe3+Al4(Mg,Al,Fe3+)8Si18O68(OH,O)10","(Ca,REE)19FeAl4(Mg,Al,Fe)8Si18O68(OH,O)10",Mlrd,
Minguzzite,K3Fe3+(C2O4)3·3H2O,K3Fe(C2O4)3·3H2O,Mzz,
Minnesotaite,Fe2+3Si4O10(OH)2,Fe3Si4O10(OH)2,Mns,
Mitridatite,Ca2Fe3+3O2(PO4)3·3H2O,Ca2Fe3O2(PO4)3·3H2O,Mit,
Moabite,NiFe3+(PO4)O,NiFe(PO4)O,Mab,
Mogovidite,"Na9(Ca,Na)12Fe2Zr3Si25O72(CO3)(OH)4","Na9(Ca,Na)12Fe2Zr3Si25O72(CO3)(OH)4",Mgo,
Mohrite,(NH4)2Fe2+(SO4)2·6H2O,(NH4)2Fe(SO4)2·6H2O,Mhr,
Molysite,FeCl3,FeCl3,My,
Montdorite,"KFe2+1.5Mn2+0.5Mg0.5Si4O10(F,OH)2","KFe1.5Mn0.5Mg0.5Si4O10(F,OH)2",Mdr,
Monteneveite,Ca3Sb5+2(Fe3+2Fe2+)O12,Ca3Sb2(Fe2Fe)O12,Mtv,
Montroseite,"(V3+,Fe2+,V4+)O(OH)","(V,Fe,V)O(OH)",Mto,
Mooihoekite,Cu9Fe9S16,Cu9Fe9S16,Mho,
Morimotoite,Ca3(TiFe2+)(SiO4)3,Ca3(TiFe)(SiO4)3,Mmt,
Mossbauerite,Fe3+6O4(OH)8(CO3)·3H2O,Fe6O4(OH)8(CO3)·3H2O,Msb,
Mounanaite,PbFe3+2(VO4)2(OH)2,PbFe2(VO4)2(OH)2,Mun,
Mountkeithite,"(Mg1-xFe3+x)(SO4)x/2(OH)2·nH2O (x < 0.5, n > 3x/2)",(Mg1-xFex)(SO4)x/2(OH)2·nH2O,Mke,
Mullerite,Pb2Fe3+(Te6+O6)Cl,Pb2Fe(TeO6)Cl,Mül,
Murashkoite,FeP,FeP,Muh,
Murataite-(Y),"(Y,Na)6Zn(Zn,Fe3+)4(Ti,Nb,Na)12O29(O,F,OH)10F4","(Y,Na)6Zn(Zn,Fe)4(Ti,Nb,Na)12O29(O,F,OH)10F4",Mrat-Y,
Murunskite,"K2(Cu,Fe)4S4","K2(Cu,Fe)4S4",Mu,
Muskoxite,Mg7Fe3+4(OH)26·H2O (?),Mg7Fe4(OH)26·H2O (?),Mkx,
Nabateaite,Fe2P2O7,Fe2P2O7,,
Nafeasite,Na3Fe3+3(AsO3OH)6·3H2O,Na3Fe3(AsO3OH)6·3H2O,Nfa,
Nafertisite,Na3Fe2+10Ti2(Si6O17)2O2(OH)6F(H2O)2,Na3Fe10Ti2(Si6O17)2O2(OH)6F(H2O)2,Naf,
Nalivkinite,Li2NaFe2+7Ti2(Si4O12)2O2(OH)4F(H2O)2,Li2NaFe7Ti2(Si4O12)2O2(OH)4F(H2O)2,Nlv,
Nanlingite,Na(Ca5Li)Mg12(AsO3)2[Fe2+(AsO3)6]F14,Na(Ca5Li)Mg12(AsO3)2[Fe(AsO3)6]F14,Nan,
Naquite,FeSi,FeSi,Naq,
Narsarsukite,"Na2(Ti,Fe3+)Si4(O,F)11","Na2(Ti,Fe)Si4(O,F)11",Nar,
Nataliakulikite,"Ca4Ti2(Fe3+,Fe2+)(Si,Fe3+,Al)O11","Ca4Ti2(Fe,Fe)(Si,Fe,Al)O11",Nkk,
Natanite,Fe2+Sn4+(OH)6,FeSn(OH)6,Ntn,
Natrodufrenite,NaFe2+Fe3+5(PO4)4(OH)6·2H2O,NaFeFe5(PO4)4(OH)6·2H2O,Ndf,NaFe6(PO4)4(OH)6·2H2O
Natrojarosite,NaFe3+3(SO4)2(OH)6,NaFe3(SO4)2(OH)6,Njrs,
Natropharmacosiderite,Na2Fe3+4(AsO4)3(OH)5·7H2O,Na2Fe4(AsO4)3(OH)5·7H2O,Npsd,
Natrowalentaite,[Fe3+0.5Na0.5(H2O)6][NaAs3+2(Fe3+2.33W6+0.67)(PO4)2O7],[Fe0.5Na0.5(H2O)6][NaAs2(Fe2.33W0.67)(PO4)2O7],Nwal,
Naujakasite,Na6Fe2+Al4Si8O26,Na6FeAl4Si8O26,Nj,
Navajoite,"(V5+,Fe3+)10O24·12H2O","(V,Fe)10O24·12H2O",Nvj,
Nazarchukite,Ca2NiFe3+2(PO4)4,Ca2NiFe2(PO4)4,Nzr,
Nealite,Pb4Fe(AsO3)2Cl4·2H2O,Pb4Fe(AsO3)2Cl4·2H2O,Nea,
Neotocite,"(Mn,Fe)SiO3·H2O (?)","(Mn,Fe)SiO3·H2O (?)",Neo,
Neptunite,KNa2LiFe2+2Ti2Si8O24,KNa2LiFe2Ti2Si8O24,Npt,
Neskevaaraite-Fe,"NaK3Fe(Ti,Nb)4(Si4O12)2(O,OH)4·6H2O","NaK3Fe(Ti,Nb)4(Si4O12)2(O,OH)4·6H2O",Nsv-Fe,
Neustadtelite,"Bi2Fe3+(Fe3+,Co)2(O,OH)4(AsO4)2","Bi2Fe(Fe,Co)2(O,OH)4(AsO4)2",Neu,
Nezilovite,Pb[Mn4+2Fe3+7AlZn2]O19,Pb[Mn2Fe7AlZn2]O19,Než,
Nickelskutterudite,"(Ni,Co,Fe)As3","(Ni,Co,Fe)As3",Nskt,
Nickeltsumcorite,"Pb(Ni,Fe3+)2(AsO4)2(H2O,OH)2","Pb(Ni,Fe)2(AsO4)2(H2O,OH)2",Ntsm,
Nickolayite,FeMoP,FeMoP,Nkl,
Nikischerite,Fe2+6Al3(OH)18[Na(H2O)6](SO4)2·6H2O,Fe6Al3(OH)18[Na(H2O)6](SO4)2·6H2O,Nik,
Nikmelnikovite,Ca12Fe2+Fe3+3Al3(SiO4)6(OH)20,Ca12FeFe3Al3(SiO4)6(OH)20,Nmn,Ca12Fe4Al3(SiO4)6(OH)20
Nioboaeschynite-(Y),"(Y,REE,Ca,Th,Fe)(Nb,Ti,Ta)2(O,OH)6","(Y,REE,Ca,Th,Fe)(Nb,Ti,Ta)2(O,OH)6",Naes-Y,
Niobophyllite,"K2NaFe2+7(Nb,Ti)2(Si4O12)2O2(OH)4(O,F)","K2NaFe7(Nb,Ti)2(Si4O12)2O2(OH)4(O,F)",Nbp,
Noggerathite-(Ce),"(Ce,Ca)2Zr2(Nb,Ti)(Ti,Nb)2Fe2+O14","(Ce,Ca)2Zr2(Nb,Ti)(Ti,Nb)2FeO14",Nög-Ce,
Nolanite,V3+8Fe3+2O14(OH)2,V8Fe2O14(OH)2,Nol,
Nontronite,"Na0.3Fe3+2(Si,Al)4O10(OH)2·nH2O","Na0.3Fe2(Si,Al)4O10(OH)2·nH2O",Non,
Normandite,"Na2Ca2(Mn,Fe)2(Ti,Nb,Zr)2(Si2O7)2O2F2","Na2Ca2(Mn,Fe)2(Ti,Nb,Zr)2(Si2O7)2O2F2",Nmd,
Nukundamite,Cu3.4Fe0.6S4,Cu3.4Fe0.6S4,Nuk,
Oberwolfachite,SrFe3+3(AsO4)(SO4)(OH)6,SrFe3(AsO4)(SO4)(OH)6,,
Obradovicite-KCu,[K2(H2O)17Cu(H2O)6][Mo8As2Fe3+3O34(OH)3],[K2(H2O)17Cu(H2O)6][Mo8As2Fe3O34(OH)3],Obr-KCu,
Obradovicite-NaCu,[Na2(H2O)17Cu(H2O)6][Mo8As2Fe3+3O34(OH)3],[Na2(H2O)17Cu(H2O)6][Mo8As2Fe3O34(OH)3],Obr-NaCu,
Obradovicite-NaNa,[Na2(H2O)16Na(H2O)6][Mo8As2Fe3+3O33(OH)4],[Na2(H2O)16Na(H2O)6][Mo8As2Fe3O33(OH)4],Obr-NaNa,
Odinite,"(Fe3+,Mg,Al,Fe2+)2.5(Si,Al)2O5(OH)4","(Fe,Mg,Al,Fe)2.5(Si,Al)2O5(OH)4",Odn,
Ogdensburgite,Ca2Fe3+4Zn(AsO4)4(OH)6·6H2O,Ca2Fe4Zn(AsO4)4(OH)6·6H2O,Obu,
Ohmilite,"Sr3(Ti,Fe3+)(Si2O6)2(O,OH)·2H2O","Sr3(Ti,Fe)(Si2O6)2(O,OH)·2H2O",Oh,
Ojuelaite,ZnFe3+2(AsO4)2(OH)2·4H2O,ZnFe2(AsO4)2(OH)2·4H2O,Ojl,
Okanoganite-(Y),"(Y,REE,Ca,Na,Th)16(Fe3+,Ti)(Si,B,P)10(O,OH)38F10","(Y,REE,Ca,Na,Th)16(Fe,Ti)(Si,B,P)10(O,OH)38F10",Oka-Y,
Oldsite,K2Fe2+[(UO2)(SO4)2]2(H2O)8,K2Fe[(UO2)(SO4)2]2(H2O)8,Ods,
Olmsteadite,KFe2+2NbO2(PO4)2·2H2O,KFe2NbO2(PO4)2·2H2O,Osd,
Omariniite,Cu8Fe2ZnGe2S12,Cu8Fe2ZnGe2S12,Oma,
Ominelite,Fe2+Al3O2(BO3)(SiO4),FeAl3O2(BO3)(SiO4),Omi,
Omphacite,"(Ca,Na)(Mg,Fe,Al)Si2O6","(Ca,Na)(Mg,Fe,Al)Si2O6",Omp,
Omsite,Ni2Fe3+(OH)6[Sb(OH)6],Ni2Fe(OH)6[Sb(OH)6],Om,
Oneillite,"Na15Ca3Mn3Fe3Zr3Nb(Si25O73)(O,OH,H2O)3(OH,Cl)2","Na15Ca3Mn3Fe3Zr3Nb(Si25O73)(O,OH,H2O)3(OH,Cl)2",One,
Ophirite,Ca2Mg4[Zn2Mn3+2(H2O)2(Fe3+W9O34)2]·46H2O,Ca2Mg4[Zn2Mn2(H2O)2(FeW9O34)2]·46H2O,Oph,
Orebroite,Mn2+6(Sb5+Fe3+)(SiO4)2O6,Mn6(SbFe)(SiO4)2O6,Öbr,
Oregonite,FeNi2As2,FeNi2As2,Ore,
Orickite,CuFeS2·nH2O,CuFeS2·nH2O,Ori,
Orthojoaquinite-(Ce),"NaBa2Fe2+Ce2Ti2(SiO3)8O2(O,OH)·H2O","NaBa2FeCe2Ti2(SiO3)8O2(O,OH)·H2O",Ojq-Ce,
Orthojoaquinite-(La),"NaBa2Fe2+La2Ti2(SiO3)8O2(OH,O,F)·H2O","NaBa2FeLa2Ti2(SiO3)8O2(OH,O,F)·H2O",Ojq-La,
Osumilite,KFe2(Al5Si10)O30,KFe2(Al5Si10)O30,Osm,
Ovamboite,Cu10Fe3WGe3S16,Cu10Fe3WGe3S16,Ova,
Owensite,"(Ba,Pb)6(Cu1+,Fe,Ni)25S27","(Ba,Pb)6(Cu,Fe,Ni)25S27",Owe,
Oxo-magnesio-hastingsite,NaCa2(Mg2Fe3+3)(Si6Al2)O22O2,NaCa2(Mg2Fe3)(Si6Al2)O22O2,Omhst,
Oxy-foitite,[box](Fe2+Al2)Al6(Si6O18)(BO3)3(OH)3O," (FeAl2)Al6(Si6O18)(BO3)3(OH)3O",Ofoi,
Oxyphlogopite,"K(Mg,Ti,Fe)3[(Si,Al)4O10](O,F)2","K(Mg,Ti,Fe)3[(Si,Al)4O10](O,F)2",Ophl,
Oxy-schorl,Na(Fe2+2Al)Al6(Si6O18)(BO3)3(OH)3O,Na(Fe2Al)Al6(Si6O18)(BO3)3(OH)3O,Osrl,
Ozernovskite,Fe3+4(Te4+O4)(Te4+O3)4·7H2O,Fe4(TeO4)(TeO3)4·7H2O,Ozn,
Panethite,"(Na,Ca,K)1-x(Mg,Fe2+,Mn)PO4","(Na,Ca,K)1-x(Mg,Fe,Mn)PO4",Pne,
Pansnerite,K3Na3Fe3+6(AsO4)8,K3Na3Fe6(AsO4)8,Pns,
Parabutlerite,Fe3+(SO4)(OH)·2H2O,Fe(SO4)(OH)·2H2O,Pbtl,
Paracoquimbite,Fe3+4(SO4)6(H2O)12·6H2O,Fe4(SO4)6(H2O)12·6H2O,Pcoq,
Paraershovite,Na3K3Fe3+2(Si4O10OH)2(OH)2(H2O)4,Na3K3Fe2(Si4O10OH)2(OH)2(H2O)4,Psh,
Parahibbingite,Fe2+2(OH)3Cl,Fe2(OH)3Cl,Phib,β-Fe2(OH)3Cl
Parakuzmenkoite-Fe,"(K,Ba)8Fe4Ti16(Si4O12)8(OH,O)16·20-28H2O","(K,Ba)8Fe4Ti16(Si4O12)8(OH,O)16·20-28H2O",Pkz-Fe,
Paramendozavilite,NaAl4Fe7(PO4)5(PMo12O40)(OH)16·56H2O,NaAl4Fe7(PO4)5(PMo12O40)(OH)16·56H2O,Pmdz,
Parascorodite,Fe3+(AsO4)·2H2O,Fe(AsO4)·2H2O,Pscd
Parasymplesite,Fe2+3(AsO4)2·8H2O,Fe3(AsO4)2·8H2O,Psym,
Paravauxite,Fe2+Al2(PO4)2(OH)2·8H2O,FeAl2(PO4)2(OH)2·8H2O,Pvx,
Paravinogradovite,"(Na,[box])2(Ti4+,Fe3+)4(Si2O6)2(Si3AlO10)(OH)4·H2O","(Na, )2(Ti,Fe)4(Si2O6)2(Si3AlO10)(OH)4·H2O",Pvgd,
Paseroite,"Pb(Mn2+,[box])(Fe3+,[box])2(V5+,Ti4+,[box])18O38","Pb(Mn, )(Fe, )2(V,Ti, )18O38",Psr,
Pattersonite,PbFe3(PO4)2(OH)5·H2O,PbFe3(PO4)2(OH)5·H2O,Patt,
Paulgrothite,Cu9Fe3+O4(PO4)4Cl,Cu9FeO4(PO4)4Cl,Plgr,
Paulkellerite,Bi3+2Fe3+O2(PO4)(OH)2,Bi2FeO2(PO4)(OH)2,Pkl,
Paulkerrite,KMg2TiFe3+2(PO4)4(OH)3·15H2O,KMg2TiFe2(PO4)4(OH)3·15H2O,Pke,
Pautovite,CsFe2S3,CsFe2S3,Ptv,
Pellyite,Ba2CaFe2+2Si6O17,Ba2CaFe2Si6O17,Ply,
Penobsquisite,Ca2Fe2+[B9O13(OH)6]Cl·4H2O,Ca2Fe[B9O13(OH)6]Cl·4H2O,Pnb,
Pentlandite,"(Ni,Fe)9S8","(Ni,Fe)9S8",Pn,
Perboeite-(Ce),(CaCe3)(Al3Fe2+)(Si2O7)(SiO4)3O(OH)2,(CaCe3)(Al3Fe)(Si2O7)(SiO4)3O(OH)2,Pbø-Ce,
Perboeite-(La),(CaLa3)(Al3Fe2+)[Si2O7][SiO4]3O(OH)2,(CaLa3)(Al3Fe)[Si2O7][SiO4]3O(OH)2,Pbø-La,
Perettiite-(Y),Y2Mn2+4Fe2+Si2B8O24,Y2Mn4FeSi2B8O24,Ptt-Y,
Perloffite,BaMn2+2Fe3+2(PO4)3(OH)3,BaMn2Fe2(PO4)3(OH)3,Plf,
Perrierite-(Ce),Ce4MgFe3+2Ti2O8(Si2O7)2,Ce4MgFe2Ti2O8(Si2O7)2,Prr-Ce,
Perrierite-(La),"(La,Ce,Ca)4(Fe2+,Mn)(Ti,Fe3+,Al)4[(Si2O7)O4]2","(La,Ce,Ca)4(Fe,Mn)(Ti,Fe,Al)4[(Si2O7)O4]2",Prr-La,
Perryite,"(Ni,Fe)8(Si,P)3","(Ni,Fe)8(Si,P)3",Pry,
Pertlikite,"K2(Fe2+,Mg)2(Mg,Fe3+)4Fe3+2Al(SO4)12·18H2O","K2(Fe,Mg)2(Mg,Fe)4Fe2Al(SO4)12·18H2O",Plk,
Petrukite,"(Cu,Ag)2(Fe,Zn)(Sn,In)S4","(Cu,Ag)2(Fe,Zn)(Sn,In)S4",Ptk,
Petscheckite,U4+Fe2+Nb2O8,UFeNb2O8,Psk,
Pharmacosiderite,KFe3+4(AsO4)3(OH)4·6-7H2O,KFe4(AsO4)3(OH)4·6-7H2O,Pmsd,
Philoxenite,"(K,Na,Pb)4(Na,Ca)2(Mg,Cu)3(Fe3+0.5Al0.5)(SO4)8","(K,Na,Pb)4(Na,Ca)2(Mg,Cu)3(Fe0.5Al0.5)(SO4)8",Pxn,
Phosphocyclite-(Fe),Fe2+2(P4O12),Fe2(P4O12),Pc-Fe,
Phosphoferrite,Fe2+3(PO4)2·3H2O,Fe3(PO4)2·3H2O,Phf,
Phosphofibrite,"(H2O,K)3.5Fe3+8(PO4)6(OH)7·5H2O","(H2O,K)3.5Fe8(PO4)6(OH)7·5H2O",Pfb,
Phosphogartrellite,"PbCuFe3+(PO4)2(OH,H2O)2","PbCuFe(PO4)2(OH,H2O)2",Pgtl,
Phosphophyllite,Zn2Fe2+(PO4)2·4H2O,Zn2Fe(PO4)2·4H2O,Pp,
Phosphosiderite,Fe3+(PO4)·2H2O,Fe(PO4)·2H2O,Phsd,
Phyllotungstite,HCaFe3+3(WO4)6·10H2O,HCaFe3(WO4)6·10H2O,Ptgs,
Picotpaulite,TlFe2S3,TlFe2S3,Pcp,
Pigeonite,"(Mg,Fe,Ca)2Si2O6","(Mg,Fe,Ca)2Si2O6",Pgt,
Pisekite-(Y),"(Y,As,Ca,Fe,U)(Nb,Ti,Ta)O4","(Y,As,Ca,Fe,U)(Nb,Ti,Ta)O4",Pís-Y,
Pitticite,"[Fe,AsO4,SO4,H2O] (?)","[Fe,AsO4,SO4,H2O] (?)",Ptc,
Pittongite,"(Na,H2O)0.7(W,Fe3+)(O,OH)3","(Na,H2O)0.7(W,Fe)(O,OH)3",Pit,
Pizgrischite,"(Cu,Fe)Cu14PbBi17S34","(Cu,Fe)Cu14PbBi17S34",Piz,
Plimerite,Zn2Fe3+3(PO4)3(OH)4(H2O),Zn2Fe3(PO4)3(OH)4(H2O),Pme,
Plumboferrite,Pb[Fe3+10.67Mn2+0.33Pb]O18.33,Pb[Fe10.67Mn0.33Pb]O18.33,Pfr,
Plumbojarosite,Pb0.5Fe3+3(SO4)2(OH)6,Pb0.5Fe3(SO4)2(OH)6,Pjrs,
Plumboperloffite,PbMn2+2Fe3+2(PO4)3(OH)3,PbMn2Fe2(PO4)3(OH)3,Pplf,
Plumbopharmacosiderite,Pb0.5Fe3+4(AsO4)3(OH)4·5H2O,Pb0.5Fe4(AsO4)3(OH)4·5H2O,Ppsd,
Polkovicite,"(Fe,Pb)3(Ge,Fe)1-xS4","(Fe,Pb)3(Ge,Fe)1-xS4",Pk,
Potassic-arfvedsonite,KNa2(Fe2+4Fe3+)Si8O22(OH)2,KNa2(Fe4Fe)Si8O22(OH)2,Parf,
Potassic-chloro-hastingsite,KCa2(Fe2+4Fe3+)(Si6Al2)O22Cl2,KCa2(Fe4Fe)(Si6Al2)O22Cl2,Pchst,
Potassic-ferri-leakeite,KNa2(Mg2Fe3+2Li)Si8O22(OH)2,KNa2(Mg2Fe2Li)Si8O22(OH)2,Pflk,
Potassic-ferro-ferri-sadanagaite,KCa2(Fe2+3Fe3+2)(Si5Al3)O22(OH)2,KCa2(Fe3Fe2)(Si5Al3)O22(OH)2,Pffsdg,
Potassic-ferro-ferri-taramite,K(NaCa)(Fe2+3Fe3+2)(Si6Al2)O22(OH)2,K(NaCa)(Fe3Fe2)(Si6Al2)O22(OH)2,Pfftrm,
Potassic-ferro-pargasite,KCa2(Fe2+4Al)(Si6Al2)O22(OH)2,KCa2(Fe4Al)(Si6Al2)O22(OH)2,Pfprg,
Potassic-ferro-sadanagaite,KCa2(Fe2+3Al2)(Si5Al3)O22(OH)2,KCa2(Fe3Al2)(Si5Al3)O22(OH)2,Pfsdg,
Potassic-ferro-taramite,K(NaCa)(Fe2+3Al2)(Si6Al2)O22(OH)2,K(NaCa)(Fe3Al2)(Si6Al2)O22(OH)2,Pftrm,
Potassic-fluoro-hastingsite,KCa2(Fe2+4Fe3+)(Si6Al2)O22F2,KCa2(Fe4Fe)(Si6Al2)O22F2,Pfhst,
Potassic-hastingsite,KCa2(Fe2+4Fe3+)(Si6Al2)O22(OH)2,KCa2(Fe4Fe)(Si6Al2)O22(OH)2,Phst,
Potassic-magnesio-arfvedsonite,KNa2(Mg4Fe3+)Si8O22(OH)2,KNa2(Mg4Fe)Si8O22(OH)2,Pmarf,
Potassic-magnesio-fluoro-arfvedsonite,KNa2(Mg4Fe3+)Si8O22F2,KNa2(Mg4Fe)Si8O22F2,Pmfarf,
Potassic-magnesio-hastingsite,KCa2(Mg4Fe3+)(Si6Al2)O22(OH)2,KCa2(Mg4Fe)(Si6Al2)O22(OH)2,Pmhst,
Poughite,Fe3+2(Te4+O3)2(SO4)·3H2O,Fe2(TeO3)2(SO4)·3H2O,Pgh,
Povondraite,NaFe3+3(Fe3+4Mg2)(Si6O18)(BO3)3(OH)3O,NaFe3(Fe4Mg2)(Si6O18)(BO3)3(OH)3O,Pov,
Priderite,K(Ti7Fe3+)O16,K(Ti7Fe)O16,Pdr,
Prismatine,"(Mg,Al,Fe)6Al4(Si,Al)4(B,Si,Al)(O,OH,F)22","(Mg,Al,Fe)6Al4(Si,Al)4(B,Si,Al)(O,OH,F)22",Prm,
Proshchenkoite-(Y),"(Y,REE,Ca,Na,Mn)15Fe2+Ca(P,Si)Si6B3(O,F)48","(Y,REE,Ca,Na,Mn)15FeCa(P,Si)Si6B3(O,F)48",Pck-Y,
Proto-ferro-anthophyllite,[box]Fe2+2Fe2+5Si8O22(OH)2," Fe2Fe5Si8O22(OH)2",Pfath,
Proto-ferro-suenoite,[box]Mn2+2Fe2+5Si8O22(OH)2," Mn2Fe5Si8O22(OH)2",Pfsue,
Proxidecagonite,Al34Ni9Fe2,Al34Ni9Fe2,Pdec,
Pseudobrookite,(Fe3+2Ti)O5,(Fe2Ti)O5,Pbrk,Fe2TiO5
Pseudolaueite,Mn2+Fe3+2(PO4)2(OH)2·8H2O,MnFe2(PO4)2(OH)2·8H2O,Plae,
Pseudorutile,Fe3+2Ti4+3O9,Fe2Ti3O9,Pdrt,
Pumpellyite-(Fe2+),"Ca2Fe2+Al2(Si2O7)(SiO4)(OH,O)2·H2O","Ca2FeAl2(Si2O7)(SiO4)(OH,O)2·H2O",Pmp-Fe2+,
Pumpellyite-(Fe3+),"Ca2Fe3+Al2(Si2O7)(SiO4)(OH,O)2·H2O","Ca2FeAl2(Si2O7)(SiO4)(OH,O)2·H2O",Pmp-Fe3+,
Putoranite,Cu1.1Fe1.2S2,Cu1.1Fe1.2S2,Put,
Pyracmonite,(NH4)3Fe(SO4)3,(NH4)3Fe(SO4)3,Pyr,
Pyrite,FeS2,FeS2,Py,
Pyroaurite,Mg6Fe3+2(CO3)(OH)16·4H2O,Mg6Fe2(CO3)(OH)16·4H2O,Pya,
Pyrosmalite-(Fe),Fe2+8Si6O15(OH)10,Fe8Si6O15(OH)10,Pys-Fe,
Pyroxferroite,Fe2+SiO3,FeSiO3,Pxf,
Pyrrhotite,Fe7S8,Fe7S8,Pyh,Fe1-xS
Qandilite,"(Mg,Fe3+)2(Ti,Fe3+,Al)O4","(Mg,Fe)2(Ti,Fe,Al)O4",Qnd,
Qeltite,Ca3TiSi2(Fe3+2Si)O14,Ca3TiSi2(Fe2Si)O14,,
Qitianlingite,Fe2+2Nb2W6+O10,Fe2Nb2WO10,Qit,
Quenstedtite,Fe3+2(SO4)3·11H2O,Fe2(SO4)3·11H2O,Qst,
Radekskodaite-(Ce),(CaCe5)(Al4Fe2+)[Si2O7][SiO4]5O(OH)3,(CaCe5)(Al4Fe)[Si2O7][SiO4]5O(OH)3,Ršk-Ce,
Radekskodaite-(La),(CaLa5)(Al4Fe2+)[Si2O7][SiO4]5O(OH)3,(CaLa5)(Al4Fe)[Si2O7][SiO4]5O(OH)3,Ršk-La,
Radovanite,Cu2Fe3+[As5+O4][As3+O2(OH)]2·H2O,Cu2Fe[AsO4][AsO2(OH)]2·H2O,Rdv,
Raguinite,TlFeS2,TlFeS2,Rgu,
Ramdohrite,Pb5.9Fe0.1Mn0.1In0.1Cd0.2Ag2.8Sb10.8S24,Pb5.9Fe0.1Mn0.1In0.1Cd0.2Ag2.8Sb10.8S24,Rdh,
Rankachite,"Ca0.5(V4+,V5+)(W6+,Fe3+)2O8(OH)·2H2O","Ca0.5(V,V)(W,Fe)2O8(OH)·2H2O",Rka,
Ransomite,CuFe3+2(SO4)4·6H2O,CuFe2(SO4)4·6H2O,Rns,
Raslakite,"Na15Ca3Fe3(Na,Zr)3Zr3(Si,Nb)Si25O73(OH,H2O)3(Cl,OH)","Na15Ca3Fe3(Na,Zr)3Zr3(Si,Nb)Si25O73(OH,H2O)3(Cl,OH)",Rsk,
Rastsvetaevite,"Na27K8Ca12Fe3Zr6Si52O144(OH,O)6Cl2","Na27K8Ca12Fe3Zr6Si52O144(OH,O)6Cl2",Rvt,
Rasvumite,KFe2S3,KFe2S3,Rsv,
Redingtonite,Fe2+Cr2(SO4)4·22H2O,FeCr2(SO4)4·22H2O,Rdt,
Reevesite,Ni6Fe3+2(CO3)(OH)16·4H2O,Ni6Fe2(CO3)(OH)16·4H2O,Rvs,
Renierite,"(Cu1+,Zn)11Fe4(Ge4+,As5+)2S16","(Cu,Zn)11Fe4(Ge,As)2S16",Ren,
Rhodostannite,Cu1+(Fe2+0.5Sn4+1.5)S4,Cu(Fe0.5Sn1.5)S4,Rhs,
Rhomboclase,(H5O2)Fe3+(SO4)2·2H2O,(H5O2)Fe(SO4)2·2H2O,Rbc,
Rhonite,Ca4[Mg8Fe3+2Ti2]O4[Si6Al6O36],Ca4[Mg8Fe2Ti2]O4[Si6Al6O36],Rhö,
Richellite,"CaFe3+2(PO4)2(OH,F)2","CaFe2(PO4)2(OH,F)2",Rhe,
Richetite,"(Fe3+,Mg)xPb2+8.6(UO2)36O36(OH)24·41H2O","(Fe,Mg)xPb8.6(UO2)36O36(OH)24·41H2O",Rht,
Riebeckite,[box]Na2(Fe2+3Fe3+2)Si8O22(OH)2," Na2(Fe3Fe2)Si8O22(OH)2",Rbk,
Rietveldite,Fe(UO2)(SO4)2(H2O)5,Fe(UO2)(SO4)2(H2O)5,Rvd,
Rinmanite,Mg2Fe4Zn2Sb2O14(OH)2,Mg2Fe4Zn2Sb2O14(OH)2,Rnm,
Rinneite,K3NaFe2+Cl6,K3NaFeCl6,Rne,
Rittmannite,"(Mn2+,Ca)Mn2+(Fe2+,Mn2+,Mg)2(Al,Fe3+)2(PO4)4(OH)2·8H2O","(Mn,Ca)Mn(Fe,Mn,Mg)2(Al,Fe)2(PO4)4(OH)2·8H2O",Rit,
Roaldite,"(Fe,Ni)4N","(Fe,Ni)4N",Roa,
Rockbridgeite,(Fe2+0.5Fe3+0.5)2Fe3+3(PO4)3(OH)5,(Fe0.5Fe0.5)2Fe3(PO4)3(OH)5,Rkb,
Rodalquilarite,H3Fe3+2(Te4+O3)4Cl,H3Fe2(TeO3)4Cl,Raq,
Rodolicoite,Fe3+(PO4),Fe(PO4),Rdl,
Rokuhnite,FeCl2·2H2O,FeCl2·2H2O,Rok,
Romerite,Fe2+Fe3+2(SO4)4·14H2O,FeFe2(SO4)4·14H2O,Röm,Fe3(SO4)4·14H2O
Rosemaryite,[box]NaMn2+(Fe3+Al)(PO4)3," NaMn(FeAl)(PO4)3",Rmy,
Rossovskyite,"(Fe3+,Ta)(Nb,Ti)O4","(Fe,Ta)(Nb,Ti)O4",Rvy,
Rowlandite-(Y),Fe2+Y4(Si2O7)2F2,FeY4(Si2O7)2F2,Row-Y,
Rozenite,Fe2+(SO4)·4H2O,Fe(SO4)·4H2O,Rzn,FeSO4·4H2O
Rudashevskyite,"(Fe,Zn)S","(Fe,Zn)S",Rud,
Rudolfhermannite,Fe3+2(Te4+O3)3·H2O,Fe2(TeO3)3·H2O,Rhr,
Ruifrancoite,"Ca2([box],Mn)2(Fe3+,Mn,Mg)4Be4(PO4)6(OH)6·4H2O","Ca2( ,Mn)2(Fe,Mn,Mg)4Be4(PO4)6(OH)6·4H2O",Rui,
Rusakovite,"(Fe,Al)5(VO4)2(OH)9·3H2O","(Fe,Al)5(VO4)2(OH)9·3H2O",Rko,
Sabieite,(NH4)Fe3+(SO4)2,(NH4)Fe(SO4)2,Sbi,
Sakuraiite,"(Cu,Zn,Fe)3(In,Sn)S4","(Cu,Zn,Fe)3(In,Sn)S4",Sak,
Samaniite,Cu2Fe5Ni2S8,Cu2Fe5Ni2S8,Smn,
Samarskite-(Y),YFe3+Nb2O8,YFeNb2O8,Smk-Y,
Santabarbaraite,Fe3+3(PO4)2(OH)3·5H2O,Fe3(PO4)2(OH)3·5H2O,Sbb,
Santafeite,"(Ca,Sr,Na)3(Mn2+,Fe3+)2Mn4+2(VO4)4(OH,O)5·2H2O","(Ca,Sr,Na)3(Mn,Fe)2Mn2(VO4)4(OH,O)5·2H2O",Sfe,
Saponite,"(Ca,Na)0.3(Mg,Fe)3(Si,Al)4O10(OH)2·4H2O","(Ca,Na)0.3(Mg,Fe)3(Si,Al)4O10(OH)2·4H2O",Sap,
Saranovskite,SrCaFe2+ 2(Cr4Ti2)Ti12O38,SrCaFe 2(Cr4Ti2)Ti12O38,Svs,
Sarcopside,Fe2+3(PO4)2,Fe3(PO4)2,Sar,
Sarmientite,Fe3+2(AsO4)(SO4)(OH)·5H2O,Fe2(AsO4)(SO4)(OH)·5H2O,Smi,
Sarrochite,[Ca4(H2O)38][Mo8P2Fe3+3O37(OH)],[Ca4(H2O)38][Mo8P2Fe3O37(OH)],Sarr,
Satterlyite,"(Fe2+,Mg,Fe3+)12(PO3OH)(PO4)5(OH,O)6","(Fe,Mg,Fe)12(PO3OH)(PO4)5(OH,O)6",Sly,
Scandiobabingtonite,"(Ca,Na)2(Fe2+,Mn)(Sc,Fe3+)Si5O14(OH)","(Ca,Na)2(Fe,Mn)(Sc,Fe)Si5O14(OH)",Sbab,
Schafarzikite,Fe2+(Sb3+)2O4,Fe(Sb)2O4,Sfz,
Schmidite,Zn(Fe3+0.5Mn2+0.5)2ZnFe3+(PO4)3(OH)3(H2O)8,Zn(Fe0.5Mn0.5)2ZnFe(PO4)3(OH)3(H2O)8,Smd,
Schneiderhohnite,Fe2+Fe3+3As3+5O13,FeFe3As5O13,Snh,Fe4As5O13
Schoonerite,ZnMn2+Fe2+2Fe3+(PO4)3(OH)2(H2O)7·2H2O,ZnMnFe2Fe(PO4)3(OH)2(H2O)7·2H2O,Soo,
Schorl,NaFe2+3Al6(Si6O18)(BO3)3(OH)3(OH),NaFe3Al6(Si6O18)(BO3)3(OH)3(OH),Srl,
Schorlomite,Ca3Ti2(SiFe3+2)O12,Ca3Ti2(SiFe2)O12,Slo,
Schreibersite,"(Fe,Ni)3P","(Fe,Ni)3P",Scb,
Schubnelite,Fe3+(V5+O4)·H2O,Fe(VO4)·H2O,Shb,
Schwertmannite,Fe3+16O16(OH)9.6(SO4)3.2·10H2O,Fe16O16(OH)9.6(SO4)3.2·10H2O,Swm,"Fe3+16(OH,SO4)12-13O16·10-12H2O"
Scordariite,K8(Fe3+0.67[box]0.33)[Fe3+3O(SO4)6(H2O)3]2(H2O)11,K8(Fe0.67 0.33)[Fe3O(SO4)6(H2O)3]2(H2O)11,Sda,
Scorodite,Fe3+(AsO4)·2H2O,Fe(AsO4)·2H2O,Scd,FeAsO4·2H2O
Scorzalite,Fe2+Al2(PO4)2(OH)2,FeAl2(PO4)2(OH)2,Scz,
Segelerite,CaMgFe3+(PO4)2(OH)·4H2O,CaMgFe(PO4)2(OH)·4H2O,Sgl,
Segnitite,PbFe3+3(AsO4)(AsO3OH)(OH)6,PbFe3(AsO4)(AsO3OH)(OH)6,Sgt,
Seinajokite,FeSb2,FeSb2,Sjk,
Sekaninaite,Fe2+2Al4Si5O18,Fe2Al4Si5O18,Skn,
Selivanovaite,NaFe3+Ti4(Si2O7)2O4(H2O)4,NaFeTi4(Si2O7)2O4(H2O)4,Svn,
Selsurtite,(H3O)12Na3(Ca3Mn3)(Na2Fe)Zr3[box]Si[Si24O69(OH)3](OH)Cl·H2O,(H3O)12Na3(Ca3Mn3)(Na2Fe)Zr3 Si[Si24O69(OH)3](OH)Cl·H2O,Ssu,
Semenovite-(Ce),"(Na,Ca)9Fe2+Ce2(Si,Be)20(O,OH,F)48","(Na,Ca)9FeCe2(Si,Be)20(O,OH,F)48",Smv-Ce,
Senaite,"Pb(Mn,Y,U)(Fe,Zn)2(Ti,Fe,Cr,V)18(O,OH)38","Pb(Mn,Y,U)(Fe,Zn)2(Ti,Fe,Cr,V)18(O,OH)38",Sna,
Sergevanite,Na15(Ca3Mn3)(Na2Fe)Zr3Si26O72(OH)3·H2O,Na15(Ca3Mn3)(Na2Fe)Zr3Si26O72(OH)3·H2O,Sgv,
Sewardite,CaFe3+2(AsO4)2(OH)2,CaFe2(AsO4)2(OH)2,Sew,
Shadlunite,"(Fe,Cu)8(Pb,Cd)S8","(Fe,Cu)8(Pb,Cd)S8",Slu,
Shafranovskite,"Na3K2(Mn,Fe,Na)4[Si9(O,OH)27](OH)2·nH2O","Na3K2(Mn,Fe,Na)4[Si9(O,OH)27](OH)2·nH2O",Sfn,
Shagamite,KFe11O17,KFe11O17,Sgm,
Sharyginite,Ca3TiFe2O8,Ca3TiFe2O8,Syg,
Shenzhuangite,NiFeS2,NiFeS2,Szh,
Shulamitite,Ca3TiFe3+AlO8,Ca3TiFeAlO8,Sla,
Siderazot,Fe3N1.33,Fe3N1.33,Saz,
Siderite,Fe(CO3),Fe(CO3),Sd,FeCO3
Sideronatrite,Na2Fe3+(SO4)2(OH)·3H2O,Na2Fe(SO4)2(OH)·3H2O,Snat,
Siderophyllite,KFe2+2Al(Si2Al2)O10(OH)2,KFe2Al(Si2Al2)O10(OH)2,Sid,
Siderotil,Fe(SO4)·5H2O,Fe(SO4)·5H2O,Sdt,FeSO4·5H2O
Sidorovite,Fe3Pt,Fe3Pt,Sido,
Sigismundite,BaFe2+(CaNa2)Fe2+13Al(PO4)11(PO3OH)(OH)2,BaFe(CaNa2)Fe13Al(PO4)11(PO3OH)(OH)2,Ajd-BaFe,
Sigloite,Fe3+Al2(PO4)2(OH)3·7H2O,FeAl2(PO4)2(OH)3·7H2O,Sig,
Silesiaite,Ca4Fe3+2Sn2(Si2O7)2(Si2O6OH)2,Ca4Fe2Sn2(Si2O7)2(Si2O6OH)2,Ssa,
Siudaite,Na8(Mn2+2Na)Ca6Fe3+3Zr3NbSi25O74(OH)2Cl·5H2O,Na8(Mn2Na)Ca6Fe3Zr3NbSi25O74(OH)2Cl·5H2O,Siu,
Slavikite,(H3O)3Mg6Fe15(SO4)21(OH)18·98H2O,(H3O)3Mg6Fe15(SO4)21(OH)18·98H2O,Sví,
Smolyaninovite,Co3Fe3+2(AsO4)4·11H2O,Co3Fe2(AsO4)4·11H2O,Sya,
Smythite,"(Fe,Ni)3+xS4 (x ≈ 0-0.3)","(Fe,Ni)xS4",Syt,
Sonoraite,Fe3+(Te4+O3)(OH)·H2O,Fe(TeO3)(OH)·H2O,Son,
Spheniscidite,(NH4)Fe3+2(PO4)2(OH)·2H2O,(NH4)Fe2(PO4)2(OH)·2H2O,Snc,
Srebrodolskite,Ca2Fe3+2O5,Ca2Fe2O5,Sre,
Stalderite,"TlCu(Zn,Fe,Hg)2As2S6","TlCu(Zn,Fe,Hg)2As2S6",Sld,
Stanekite,Fe3+Mn2+O(PO4),FeMnO(PO4),Stk,
Stannite,Cu2FeSnS4,Cu2FeSnS4,Stn,
Stannoidite,"Cu8(Fe,Zn)3Sn2S12","Cu8(Fe,Zn)3Sn2S12",Sta,
Staurolite,Fe2+2Al9Si4O23(OH),Fe2Al9Si4O23(OH),St,
Stavelotite-(La),"La3Mn2+3Cu2+(Mn3+,Fe3+,Mn4+)26(Si2O7)6O30","La3Mn3Cu(Mn,Fe,Mn)26(Si2O7)6O30",Svt-La,
Steenstrupine-(Ce),Na14Ce6Mn2+2Fe3+2Zr(PO4)7Si12O36(OH)2·3H2O,Na14Ce6Mn2Fe2Zr(PO4)7Si12O36(OH)2·3H2O,Ssp-Ce,
Stefanweissite,"(Ca,REE)2Zr2(Nb,Ti)(Ti,Nb)2Fe2+O14","(Ca,REE)2Zr2(Nb,Ti)(Ti,Nb)2FeO14",Swi,
Steinmetzite,Zn2Fe3+(PO4)2(OH)·3H2O,Zn2Fe(PO4)2(OH)·3H2O,Snm,
Stenhuggarite,CaFe3+Sb3+As3+2O7,CaFeSbAs2O7,Shu,
Stepanovite,NaMgFe3+(C2O4)3·9H2O,NaMgFe(C2O4)3·9H2O,Stpn,
Sternbergite,AgFe2S3,AgFe2S3,Srn,
Stewartite,Mn2+Fe3+2(PO4)2(OH)2·8H2O,MnFe2(PO4)2(OH)2·8H2O,Stw,
Stilpnomelane,"(K,Ca,Na)(Fe,Mg,Al)8(Si,Al)12(O,OH)36·nH2O","(K,Ca,Na)(Fe,Mg,Al)8(Si,Al)12(O,OH)36·nH2O",Stp,
Stoppaniite,Fe3+2Be3Si6O18·H2O,Fe2Be3Si6O18·H2O,Spp,
Stottite,Fe2+Ge(OH)6,FeGe(OH)6,Sto,
Strengite,Fe3+(PO4)·2H2O,Fe(PO4)·2H2O,Stg,
Strontiochevkinite,"(Sr,Ce,La)4Fe2+(Ti,Zr)4O8(Si2O7)2","(Sr,Ce,La)4Fe(Ti,Zr)4O8(Si2O7)2",Scvk,
Strontiojoaquinite,"(Na,Fe)2Ba2Sr2Ti2(SiO3)8(O,OH)2·H2O","(Na,Fe)2Ba2Sr2Ti2(SiO3)8(O,OH)2·H2O",Sjq,
Strontio-orthojoaquinite,NaSr4Fe3+Ti2Si8O24(OH)4,NaSr4FeTi2Si8O24(OH)4,Sojq,
Strontioperloffite,SrMn2+2Fe3+2(PO4)3(OH)3,SrMn2Fe2(PO4)3(OH)3,Splf,
Strontiopharmacosiderite,Sr0.5Fe4[(AsO4)3(OH)4]·4H2O,Sr0.5Fe4[(AsO4)3(OH)4]·4H2O,Spsd,
Strunzite,Mn2+Fe3+2(PO4)2(OH)2·6H2O,MnFe2(PO4)2(OH)2·6H2O,Snz,
Sturmanite,Ca6Fe3+2(SO4)2.5[B(OH)4](OH)12·25H2O,Ca6Fe2(SO4)2.5[B(OH)4](OH)12·25H2O,Strm,
Suessite,Fe3Si,Fe3Si,Sss,
Sugakiite,"Cu(Fe,Ni)8S8","Cu(Fe,Ni)8S8",Sgk,
Sugilite,KNa2Fe3+2(Li3Si12)O30,KNa2Fe2(Li3Si12)O30,Sug,
Suhailite,(NH4)Fe2+3(Si3Al)O10(OH)2,(NH4)Fe3(Si3Al)O10(OH)2,Suh,
Sveinbergeite,(H2O)2[Ca(H2O)](Fe2+6Fe3+)Ti2(Si4O12)2O2(OH)4[(OH)(H2O)],(H2O)2[Ca(H2O)](Fe6Fe)Ti2(Si4O12)2O2(OH)4[(OH)(H2O)],Sve,
Swinefordite,"Ca0.2(Li,Al,Mg,Fe)3(Si,Al)4O10(OH,F)2·nH2O","Ca0.2(Li,Al,Mg,Fe)3(Si,Al)4O10(OH,F)2·nH2O",Sfd,
Symplesite,Fe2+3(AsO4)2·8H2O,Fe3(AsO4)2·8H2O,Sym,
Szomolnokite,Fe(SO4)·H2O,Fe(SO4)·H2O,Szo,FeSO4·H2O
Taenite,"(Ni,Fe)","(Ni,Fe)",Tae,
Talnakhite,Cu9Fe8S16,Cu9Fe8S16,Tlk,
Tamboite,Fe3+3(OH)(H2O)2(SO4)(Te4+O3)3[Te4+O(OH)2](H2O)3,Fe3(OH)(H2O)2(SO4)(TeO3)3[TeO(OH)2](H2O)3,Tmb,
Tamuraite,Ir5Fe10S16,Ir5Fe10S16,,
Tancaite-(Ce),FeCe(MoO4)3·3H2O,FeCe(MoO4)3·3H2O,Tca-Ce,
Tantalite-(Fe),Fe2+Ta2O6,FeTa2O6,Ttl-Fe,
Tapiolite-(Fe),Fe2+Ta2O6,FeTa2O6,Tap-Fe,
Taramellite,"Ba4(Fe3+,Ti)4O2[B2Si8O27]Clx","Ba4(Fe,Ti)4O2[B2Si8O27]Clx",Tmel,
Tarbagataite,(K[box])CaFe2+7Ti2(Si4O12)2O2(OH)5,(K )CaFe7Ti2(Si4O12)2O2(OH)5,Tbg,
Tarkianite,"(Cu,Fe)(Re,Mo)4S8","(Cu,Fe)(Re,Mo)4S8",Trk,
Taseqite,"Na12Sr3Ca6Fe3Zr3NbSi25O73(O,OH,H2O)3Cl2","Na12Sr3Ca6Fe3Zr3NbSi25O73(O,OH,H2O)3Cl2",Tsq,
Tashelgite,CaMgFe2+Al9O16(OH),CaMgFeAl9O16(OH),Thg,
Tassieite,NaCa2Mg3Fe2+2Fe3+(PO4)6·2H2O,NaCa2Mg3Fe2Fe(PO4)6·2H2O,Tas,
Tavorite,LiFe3+(PO4)(OH),LiFe(PO4)(OH),Tav,LiFePO4OH
Telluromandarinoite,Fe3+2(Te4+O3)3·6H2O,Fe2(TeO3)3·6H2O,Tmda,
Tennantite-(Fe),Cu6(Cu4Fe2)As4S13,Cu6(Cu4Fe2)As4S13,Tnt-Fe,"(Cu,Fe)12As4S13"
Tetraferriannite,KFe2+3(Si3Fe3+)O10(OH)2,KFe3(Si3Fe)O10(OH)2,Tfann,
Tetraferriphlogopite,KMg3(Si3Fe3+)O10(OH)2,KMg3(Si3Fe)O10(OH)2,Tfphl,
Tetraferroplatinum,PtFe,PtFe,Tfpt,
Tetrahedrite-(Fe),Cu6(Cu4Fe2)Sb4S13,Cu6(Cu4Fe2)Sb4S13,Ttr-Fe,
Tetrataenite,FeNi,FeNi,Ttae,
Thalcusite,"(Cu,Fe)4Tl2S4","(Cu,Fe)4Tl2S4",Thl,
Thalfenisite,"Tl6(Fe,Ni)25S26Cl","Tl6(Fe,Ni)25S26Cl",Tfn,
Thalliumpharmacosiderite,TlFe4[(AsO4)3(OH)4]·4H2O,TlFe4[(AsO4)3(OH)4]·4H2O,Tpsd,
Therasiaite,(NH4)3KNa2Fe2+Fe3+(SO4)3Cl5,(NH4)3KNa2FeFe(SO4)3Cl5,The,(NH4)3KNa2Fe2(SO4)3Cl5
Tiettaite,K4Na12Fe3+2Si16O41(OH)4·2H2O,K4Na12Fe2Si16O41(OH)4·2H2O,Tie,
Tinticite,Fe3+3(PO4)2(OH)3·3H2O,Fe3(PO4)2(OH)3·3H2O,Ttc,
Titanomaghemite,(Ti0.5[box]0.5)Fe3+2O4,(Ti0.5 0.5)Fe2O4,Tmgh,
Titantaramellite,"Ba4(Ti,Fe3+,Mg)4(O,OH)2[B2Si8O27]Clx","Ba4(Ti,Fe,Mg)4(O,OH)2[B2Si8O27]Clx",Ttmel,
Tochilinite,"6(Fe0.9S)·5[(Mg,Fe)(OH)2]","6(Fe0.9S)·5[(Mg,Fe)(OH)2]",Thi,
Toledoite,TiFeSi,TiFeSi,Tld,
Tooeleite,Fe3+6(AsO3)4(SO4)(OH)4·4H2O,Fe6(AsO3)4(SO4)(OH)4·4H2O,Toe,
Topsoeite,FeF3(H2O)3,FeF3(H2O)3,Top,
Toturite,Ca3Sn2(SiFe3+2)O12,Ca3Sn2(SiFe2)O12,Tot,
Toyohaite,Ag1+(Fe2+0.5Sn4+1.5)S4,Ag(Fe0.5Sn1.5)S4,To,
Tranquillityite,Fe2+8Ti3Zr2Si3O24,Fe8Ti3Zr2Si3O24,Trq,
Traskite,"Ba21Ca(Fe2+,Mn,Ti)4(Ti,Fe,Mg)12(Si12O36)(Si2O7)6(O,OH)30Cl6·14H2O","Ba21Ca(Fe,Mn,Ti)4(Ti,Fe,Mg)12(Si12O36)(Si2O7)6(O,OH)30Cl6·14H2O",Tsk,
Trattnerite,Fe3+2(Mg3Si12)O30,Fe2(Mg3Si12)O30,Tra,
Trebeurdenite,Fe2+2Fe3+4O2(OH)10(CO3)·3H2O,Fe2Fe4O2(OH)10(CO3)·3H2O,Tré,
Tremolite,[box]Ca2(Mg5.0-4.5Fe2+0.0-0.5)Si8O22(OH)2," Ca2(Mg5.0-4.5Fe0.0-0.5)Si8O22(OH)2",Tr,
Trevorite,NiFe3+2O4,NiFe2O4,Trv,
Triphylite,LiFe2+(PO4),LiFe(PO4),Trp,LiFePO4
Tripuhyite,Fe3+Sb5+O4,FeSbO4,Tpy,
Tristramite,"(Ca,U4+,Fe3+)(PO4,SO4)·2H2O","(Ca,U,Fe)(PO4,SO4)·2H2O",Ttm,
Troilite,FeS,FeS,Tro,
Tschaunerite,(Fe2+)(Fe2+Ti4+)O4,(Fe)(FeTi)O4,Tsc,
Tuhualite,NaFe2+Fe3+Si6O15,NaFeFeSi6O15,Tuh,NaFe2Si6O15
Tulameenite,Pt2CuFe,Pt2CuFe,Tul,
Tululite,"Ca14(Fe3+,Al)(Al,Zn,Fe3+,Si,P,Mn,Mg)15O36","Ca14(Fe,Al)(Al,Zn,Fe,Si,P,Mn,Mg)15O36",Tlu,
Tungusite,Ca14Fe2+9Si24O60(OH)22,Ca14Fe9Si24O60(OH)22,Tgu,
Tuperssuatsiaite,"Na2(Fe3+,Mn2+)3Si8O20(OH)2·4H2O","Na2(Fe,Mn)3Si8O20(OH)2·4H2O",Tup,
Tvrdyite,Fe2+Fe3+2Al3(PO4)4(OH)5(H2O)4·2H2O,FeFe2Al3(PO4)4(OH)5(H2O)4·2H2O,Tvr,Fe3Al3(PO4)4(OH)5(H2O)4·2H2O
Uedaite-(Ce),Mn2+CeAl2Fe2+(Si2O7)(SiO4)O(OH),MnCeAl2Fe(Si2O7)(SiO4)O(OH),Ued-Ce,
Ulvospinel,Fe2+2TiO4,Fe2TiO4,Uspl,
Ungemachite,K3Na8Fe3+(SO4)6(NO3)2·6H2O,K3Na8Fe(SO4)6(NO3)2·6H2O,Ugm,
Ushkovite,MgFe3+2(PO4)2(OH)2·8H2O,MgFe2(PO4)2(OH)2·8H2O,Ukv,
Usturite,Ca3(SbZr)(FeO4)3,Ca3(SbZr)(FeO4)3,Ust,
Valleriite,"2[(Fe,Cu)S]·1.53[(Mg,Al)(OH)2]","2[(Fe,Cu)S]·1.53[(Mg,Al)(OH)2]",Val,
Valleyite,Ca4Fe6O13,Ca4Fe6O13,Vly,
Vanadoallanite-(La),CaLa3+V3+AlFe2+(Si2O7)(SiO4)O(OH),CaLaVAlFe(Si2O7)(SiO4)O(OH),Valn-La,
Varlamoffite,"(Sn,Fe)(O,OH)2","(Sn,Fe)(O,OH)2",Vlm,
Varulite,Na2Mn(MnFe3+)(PO4)3,Na2Mn(MnFe)(PO4)3,Vr,
Vauxite,Fe2+Al2(PO4)2(OH)2·6H2O,FeAl2(PO4)2(OH)2·6H2O,Vx,
Veblenite,K2[box]2Na(Fe2+5Fe3+4Mn7[box])Nb3Ti(Si2O7)2(Si8O22)2O6(OH)10(H2O)3,K2 2Na(Fe5Fe4Mn7 )Nb3Ti(Si2O7)2(Si8O22)2O6(OH)10(H2O)3,Veb,
Vermiculite,"Mg0.7(Mg,Fe,Al)6(Si,Al)8O20(OH)4·8H2O","Mg0.7(Mg,Fe,Al)6(Si,Al)8O20(OH)4·8H2O",Vrm,
Vernadite,"(Mn,Fe,Ca,Na)(O,OH)2·nH2O","(Mn,Fe,Ca,Na)(O,OH)2·nH2O",Vnd,
Versiliaite,(Fe2+2Fe3+2)(Fe3+2Sb3+6)O16S,(Fe2Fe2)(Fe2Sb6)O16S,Vsl,
Vestaite,(Ti4+Fe2+)Ti4+3O9,(TiFe)Ti3O9,Vst,
Vesuvianite,"(Ca,Na)19(Al,Mg,Fe)13(SiO4)10(Si2O7)4(OH,F,O)10","(Ca,Na)19(Al,Mg,Fe)13(SiO4)10(Si2O7)4(OH,F,O)10",Ves,
Viaeneite,"(Fe,Pb)4S8O","(Fe,Pb)4S8O",Via,
Vicanite-(Ce),"(Ca,Ce,La,Th)15As5+(As3+,Na)0.5Fe3+0.7Si6B4(O,F)47","(Ca,Ce,La,Th)15As(As,Na)0.5Fe0.7Si6B4(O,F)47",Vic-Ce,
Vinciennite,Cu10Fe4SnAsS16,Cu10Fe4SnAsS16,Vcn,
Violarite,FeNi2S4,FeNi2S4,Vio,
Vivianite,Fe2+3(PO4)2·8H2O,Fe3(PO4)2·8H2O,Viv,
Vladykinite,Na3Sr4(Fe2+Fe3+)Si8O24,Na3Sr4(FeFe)Si8O24,Vdy,Na3Sr4Fe2Si8O24
Vochtenite,Fe2+Fe3+(UO2)4(PO4)4(OH)·12-13H2O,FeFe(UO2)4(PO4)4(OH)·12-13H2O,Voc,Fe2(UO2)4(PO4)4(OH)·12-13H2O
Volaschioite,Fe4(SO4)O2(OH)6·2H2O,Fe4(SO4)O2(OH)6·2H2O,Vsh,
Voltaite,K2Fe2+5Fe3+3Al(SO4)12·18H2O,K2Fe5Fe3Al(SO4)12·18H2O,Vlt,
Vonsenite,Fe2+2Fe3+O2(BO3),Fe2FeO2(BO3),Von,
Voronkovite,"Na15(Na,Ca,Ce)3(Mn,Ca)3Fe3Zr3Si26O72(OH,O)4Cl·H2O","Na15(Na,Ca,Ce)3(Mn,Ca)3Fe3Zr3Si26O72(OH,O)4Cl·H2O",Vrk,
Vyalsovite,CaFeAlS(OH)5,CaFeAlS(OH)5,Vyl,
Wairauite,CoFe,CoFe,Wra,
Walentaite,[Mn(H2O)6][[box]As3+3Fe3+3(PO4)2O7],[Mn(H2O)6][ As3Fe3(PO4)2O7],Wlt,
Walfordite,"(Fe3+,Te6+,Ti4+,Mg)Te4+3O8","(Fe,Te,Ti,Mg)Te3O8",Wfd,
Wallkilldellite-(Fe),Ca2Fe2+3(AsO4)2(OH)4·9H2O,Ca2Fe3(AsO4)2(OH)4·9H2O,Wlk-Fe,
Wangdaodeite,FeTiO3,FeTiO3,Wdd,
Warwickite,"(Mg,Ti,Fe,Cr,Al)2O(BO3)","(Mg,Ti,Fe,Cr,Al)2O(BO3)",Wwk,
Welshite,Ca4[Mg9Sb5+3]O4[Si6Be3AlFe3+2O36],Ca4[Mg9Sb3]O4[Si6Be3AlFe2O36],Wel,
Wernerkrauseite,CaFe3+2Mn4+O6,CaFe2MnO6,Wkr,
Westerveldite,FeAs,FeAs,Wvd,
Whitecapsite,H16Fe2+5Fe3+14Sb3+6(AsO4)18O16·120H2O,H16Fe5Fe14Sb6(AsO4)18O16·120H2O,Wcp,
Whiteite-(CaFeMg),CaFe2+Mg2Al2(PO4)4(OH)2·8H2O,CaFeMg2Al2(PO4)4(OH)2·8H2O,Wt-CaFeMg,
Whiteite-(CaMnFe),CaMnFe2Al2(PO4)4(OH)2·8H2O,CaMnFe2Al2(PO4)4(OH)2·8H2O,Wt-CaMnFe,
Whiteite-(MnFeMg),Mn2+Fe2+Mg2Al2(PO4)4(OH)2·8H2O,MnFeMg2Al2(PO4)4(OH)2·8H2O,Wt-MnFeMg,
Whitmoreite,Fe2+Fe3+2(PO4)2(OH)2·4H2O,FeFe2(PO4)2(OH)2·4H2O,Whm,Fe3(PO4)2(OH)2·4H2O
Wicksite,"NaCa2Fe2+2(Fe3+,Mn2+,Fe2+)4(PO4)6·2H2O","NaCa2Fe2(Fe,Mn,Fe)4(PO4)6·2H2O",Wic,
Wiklundite,"Pb2(Mn2+,Zn)3(Fe3+,Mn2+)2(Mn2+,Mg)19(As3+O3)2[(Si,As5+)O4]6(OH)18Cl6","Pb2(Mn,Zn)3(Fe,Mn)2(Mn,Mg)19(AsO3)2[(Si,As)O4]6(OH)18Cl6",Wik,
Wildcatite,CaFe3+Te6+O5(OH),CaFeTeO5(OH),Wct,
Wildenauerite,Zn(Fe3+0.5Mn2+0.5)2Mn2+Fe3+(PO4)3(OH)3(H2O)8,Zn(Fe0.5Mn0.5)2MnFe(PO4)3(OH)3(H2O)8,Wda,
Wilhelmgumbelite,[ZnFe2+Fe3+3(PO4)3(OH)4(H2O)5]·2H2O,[ZnFeFe3(PO4)3(OH)4(H2O)5]·2H2O,Wgü,[ZnFe4(PO4)3(OH)4(H2O)5]·2H2O
Wilhelmkleinite,ZnFe3+2(AsO4)2(OH)2,ZnFe2(AsO4)2(OH)2,Wkl,
Wilhelmramsayite,Cu3FeS3·2H2O,Cu3FeS3·2H2O,Wrm,
Wilhelmvierlingite,CaMn2+Fe3+(PO4)2(OH)·2H2O,CaMnFe(PO4)2(OH)·2H2O,Wvl,
Wilkinsonite,Na4[Fe2+8Fe3+4]O4[Si12O36],Na4[Fe8Fe4]O4[Si12O36],Wkn,
Windhoekite,Ca2Fe3+3-x[Si8O20](OH)4·10H2O,Ca2Fe3-x[Si8O20](OH)4·10H2O,Whk,
Windmountainite,[box]Fe3+2Mg2Si8O20(OH)2·8H2O," Fe2Mg2Si8O20(OH)2·8H2O",Wmt,
Wolfeite,Fe2+2(PO4)(OH),Fe2(PO4)(OH),Wol,
Wonesite,"(Na,K,[box])(Mg,Fe,Al)6(Si,Al)8O20(OH,F)4","(Na,K, )(Mg,Fe,Al)6(Si,Al)8O20(OH,F)4",Wns,
Wustite,FeO,FeO,Wüs,Fe1-xO, Fe2+O
Wyllieite,NaNaMn(Fe2+Al)(PO4)3,NaNaMn(FeAl)(PO4)3,Wyl,
Xanthoxenite,Ca4Fe3+2(PO4)4(OH)2·3H2O,Ca4Fe2(PO4)4(OH)2·3H2O,Xox,
Xenophyllite,Na4Fe7(PO4)6,Na4Fe7(PO4)6,Xp,
Xiangjiangite,Fe3+(UO2)4(PO4)2(SO4)2(OH)·22H2O,Fe(UO2)4(PO4)2(SO4)2(OH)·22H2O,Xjg,
Xieite,FeCr2O4,FeCr2O4,Xi,
Xifengite,Fe5Si3,Fe5Si3,Xif,
Xitieshanite,Fe3+(SO4)Cl·6H2O,Fe(SO4)Cl·6H2O,Xit,
Xuite,Ca3Fe2[AlO3(OH)]3,Ca3Fe2[AlO3(OH)]3,Xu,
Xuwenyuanite,Ag9Fe3+Te2S4,Ag9FeTe2S4,Xuw,
Yakhontovite,"(Ca,Na,K)0.2(Cu,Fe,Mg)2Si4O10(OH)2·3H2O","(Ca,Na,K)0.2(Cu,Fe,Mg)2Si4O10(OH)2·3H2O",Ykh,
Yakubovichite,CaNi2Fe3+(PO4)3,CaNi2Fe(PO4)3,Ybv,
Yarlongite,(Cr4Fe4Ni)C4,(Cr4Fe4Ni)C4,Ylg,
Yavapaiite,KFe3+(SO4)2,KFe(SO4)2,Yav,
Yazganite,[box]NaMgFe3+2(AsO4)3·H2O," NaMgFe2(AsO4)3·H2O",Yaz,
Yecoraite,Fe3+3Bi5O9(Te4+O3)(Te6+O4)2·9H2O,Fe3Bi5O9(TeO3)(TeO4)2·9H2O,Yec,
Yimengite,K[Ti3Cr5Fe3+2Mg2]O19,K[Ti3Cr5Fe2Mg2]O19,Yim,
Yttrocolumbite-(Y),"(Y,U,Fe2+)(Nb,Ta)O4","(Y,U,Fe)(Nb,Ta)O4",Yclb-Y,
Yttrocrasite-(Y),"(Y,Th,Ca,U)(Ti,Fe)2(O,OH)6","(Y,Th,Ca,U)(Ti,Fe)2(O,OH)6",Ycr-Y,
Yttrotantalite-(Y),"(Y,U,Fe2+)(Ta,Nb)(O,OH)4","(Y,U,Fe)(Ta,Nb)(O,OH)4",Yttl-Y,
Yttrotungstite-(Y),"Y(W,Fe,Si,Al,Ti)2(O,OH,H2O)9","Y(W,Fe,Si,Al,Ti)2(O,OH,H2O)9",Ytgs-Y,
Yuanfuliite,"Mg(Fe3+,Al)O(BO3)","Mg(Fe,Al)O(BO3)",Yfl,
Yukonite,Ca2Fe3+3(AsO4)3(OH)4·4H2O,Ca2Fe3(AsO4)3(OH)4·4H2O,Yuk,
Yuksporite,"K4(Ca,Na)14(Sr,Ba)2([box],Mn,Fe)(Ti,Nb)4(O,OH)4(Si6O17)2(Si2O7)3(H2O,OH)3","K4(Ca,Na)14(Sr,Ba)2( ,Mn,Fe)(Ti,Nb)4(O,OH)4(Si6O17)2(Si2O7)3(H2O,OH)3",Yks,
Yurmarinite,"Na7(Fe3+,Mg,Cu)4(AsO4)6","Na7(Fe,Mg,Cu)4(AsO4)6",Ymr,
Yuzuxiangite,Sr3Fe3+(Si2O6)2(OH)·3H2O,Sr3Fe(Si2O6)2(OH)·3H2O,Yuz,
Zairite,BiFe3+3(PO4)2(OH)6,BiFe3(PO4)2(OH)6,Zaï,
Zangboite,TiFeSi2,TiFeSi2,Zgb,
Zemannite,Mg0.5ZnFe3+(Te4+O3)3·<i>n</i>H2O (3≤<i>n</i>≤0.5),Mg0.5ZnFe(TeO3)3·nH2O,Zem,
Zenzenite,Pb3Fe3+4Mn4+3O15,Pb3Fe4Mn3O15,Zen,
Zhengminghuaite,Cu6Fe3As4S12,Cu6Fe3As4S12,Zmh,
Ziminaite,Fe3+(VO4),Fe(VO4),Zim,
Zinclipscombite,ZnFe3+2(PO4)2(OH)2,ZnFe2(PO4)2(OH)2,Zlcb,
Zincoberaunite,ZnFe3+5(PO4)4(OH)5·6H2O,ZnFe5(PO4)4(OH)5·6H2O,Zbru,
Zincobotryogen,ZnFe3+(SO4)2(OH)·7H2O,ZnFe(SO4)2(OH)·7H2O,Zbyg,
Zincobriartite,"Cu2(Zn,Fe)(Ge,Ga)S4","Cu2(Zn,Fe)(Ge,Ga)S4",Zbtt,
Zincocopiapite,ZnFe3+4(SO4)6(OH)2·20H2O,ZnFe4(SO4)6(OH)2·20H2O,Zcpi,
Zincohogbomite-2N2S,"(Zn,Al,Fe)3(Al,Fe,Ti)8O15(OH)","(Zn,Al,Fe)3(Al,Fe,Ti)8O15(OH)",Zhög-2N2S,
Zincohogbomite-2N6S,"(Zn,Al)7(Al,Fe3+,Ti,Mg)16O31(OH)","(Zn,Al)7(Al,Fe,Ti,Mg)16O31(OH)",Zhög-2N6S,
Zincostrunzite,ZnFe3+2(PO4)2(OH)2·6.5H2O,ZnFe2(PO4)2(OH)2·6.5H2O,Zstz,
Zincovelesite-6N6S,"Zn3(Fe3+,Mn3+,Al,Ti)8O15(OH)","Zn3(Fe,Mn,Al,Ti)8O15(OH)",Zcv-6N6S,
Zincovoltaite,K2Zn5Fe3+3Al(SO4)12·18H2O,K2Zn5Fe3Al(SO4)12·18H2O,Zvlt,
Zinkgruvanite,Ba4Mn2+4Fe3+2(Si2O7)2(SO4)2O2(OH)2,Ba4Mn4Fe2(Si2O7)2(SO4)2O2(OH)2,Zgv,
Zircophyllite,K2NaFe2+7Zr2(Si4O12)2O2(OH)4F,K2NaFe7Zr2(Si4O12)2O2(OH)4F,Zcp,
Zirklerite,"(Fe,Mg)9Al4Cl18(OH)12·14H2O (?)","(Fe,Mg)9Al4Cl18(OH)12·14H2O (?)",Zkl,
Zodacite,Ca4Mn2+Fe3+4(PO4)6(OH)4·12H2O,Ca4MnFe4(PO4)6(OH)4·12H2O,Zod,
Zoharite,"(Ba,K)6(Fe,Cu,Ni)25S27","(Ba,K)6(Fe,Cu,Ni)25S27",Zoh,
Zolenskyite,FeCr2S4,FeCr2S4,Zsk,
Zuktamrurite,FeP2,FeP2,Zuk,
Zussmanite,"K(Fe,Mg,Mn)13(Si,Al)18O42(OH)14","K(Fe,Mg,Mn)13(Si,Al)18O42(OH)14",Zus,
Zvestovite-(Fe),Ag6(Ag4Fe2)As4S13,Ag6(Ag4Fe2)As4S13,Zvĕ-Fe,
Zwieselite,Fe2+2(PO4)F,Fe2(PO4)F,Zwi,Fe2PO4F
Zykaite,Fe3+4(AsO4)3(SO4)(OH)·15H2O,Fe4(AsO4)3(SO4)(OH)·15H2O,Zýk,
Iron,Fe,Fe,,"iron powder","iron(0)","α-Fe"
Green Rust sulfate,Fe3H14.472O12.236S0.5,,,GR-SO4,GR(SO4),GR(SO4 2-),GR2(SO4)
chloride Green Rust,Fe(II)3Fe(III)(OH)8Cl,Fe3Fe(OH)8Cl,GR(Cl),GR(Cl-),GR1(Cl)